"ST","lat","lon","year","month","TMIN","TMAX","RAIN"
"Orosi",9.78529,-83.84652,2010,1,14.1290322580645,24.5677419354839,65.54
"Orosi",9.78529,-83.84652,2010,2,16.5846153846154,25.3730769230769,1
"Orosi",9.78529,-83.84652,2010,3,16.6666666666667,26.3466666666667,96.18
"Orosi",9.78529,-83.84652,2010,4,16.7466666666667,26.75,171.22
"Orosi",9.78529,-83.84652,2010,5,17.2612903225806,26.9387096774194,384.85
"Orosi",9.78529,-83.84652,2010,6,16.72,26.8466666666667,407.24
"Orosi",9.78529,-83.84652,2010,7,16.4387096774194,25.9258064516129,390
"Orosi",9.78529,-83.84652,2010,8,16.6483870967742,26.0806451612903,429
"Orosi",9.78529,-83.84652,2010,9,16.152380952381,26.4761904761905,412.4
"Orosi",9.78529,-83.84652,2010,10,16.4354838709677,25.0322580645161,234.6
"Orosi",9.78529,-83.84652,2010,11,15.8633333333333,23.3166666666667,246.4
"Orosi",9.78529,-83.84652,2010,12,14.7354838709677,21.7193548387097,170.8
"Orosi",9.78529,-83.84652,2011,1,14.1193548387097,23.6677419354839,107
"Orosi",9.78529,-83.84652,2011,2,15.7571428571429,25.8,49.8
"Orosi",9.78529,-83.84652,2011,3,15.7903225806452,26.558064516129,22.8
"Orosi",9.78529,-83.84652,2011,4,16.7666666666667,27.7633333333333,20.4
"Orosi",9.78529,-83.84652,2011,5,18.0258064516129,28.1806451612903,203.8
"Orosi",9.78529,-83.84652,2011,6,18.57,28.01,403.2
"Orosi",9.78529,-83.84652,2011,7,18.0064516129032,27.158064516129,303.8
"Orosi",9.78529,-83.84652,2011,8,18.225,27.725,330
"Orosi",9.78529,-83.84652,2011,9,17.6766666666667,27.7233333333333,280.4
"Orosi",9.78529,-83.84652,2011,10,18.1225806451613,26.3354838709677,433.6
"Orosi",9.78529,-83.84652,2011,11,18.0428571428571,27.1,136.6
"Orosi",9.78529,-83.84652,2011,12,16.8193548387097,24.4870967741935,115.8
"Orosi",9.78529,-83.84652,2012,1,14.8096774193548,25.5741935483871,30.4
"Orosi",9.78529,-83.84652,2012,2,14.8137931034483,26.1137931034483,63.58
"Orosi",9.78529,-83.84652,2012,3,15.8290322580645,25.6516129032258,115.09
"Orosi",9.78529,-83.84652,2012,4,16.6433333333333,27.2,110.07
"Orosi",9.78529,-83.84652,2012,5,17.9677419354839,28.4677419354839,279.37
"Orosi",9.78529,-83.84652,2012,6,17.65,28.0366666666667,272.77
"Orosi",9.78529,-83.84652,2012,7,18.1193548387097,26.0612903225806,440.28
"Orosi",9.78529,-83.84652,2012,8,17.0161290322581,28.2741935483871,349.74
"Orosi",9.78529,-83.84652,2012,9,17.1333333333333,27.8866666666667,340.05
"Orosi",9.78529,-83.84652,2012,10,17.558064516129,27.3677419354839,277.81
"Orosi",9.78529,-83.84652,2012,11,17.6166666666667,24.9733333333333,210.33
"Orosi",9.78529,-83.84652,2012,12,16.8096774193548,25.8612903225806,60.52
"Orosi",9.78529,-83.84652,2013,1,15.5677419354839,26.7193548387097,15.28
"Orosi",9.78529,-83.84652,2013,2,14.6714285714286,27.2,22.65
"Orosi",9.78529,-83.84652,2013,3,16.4645161290323,26.6225806451613,56.27
"Orosi",9.78529,-83.84652,2013,4,17.2764705882353,27.6411764705882,41.8
"Orosi",9.78529,-83.84652,2013,5,15.5,26.9583333333333,129.34
"Orosi",9.78529,-83.84652,2013,6,16.2636363636364,25.9045454545455,334.22
"Orosi",9.78529,-83.84652,2013,7,16.136,25.592,208.09
"Orosi",9.78529,-83.84652,2013,8,19.2391304347826,28.3869565217391,108.2
"Orosi",9.78529,-83.84652,2013,9,16.0833333333333,26.4066666666667,424.69
"Orosi",9.78529,-83.84652,2013,10,15.9645161290323,25.7548387096774,365.27
"Orosi",9.78529,-83.84652,2013,11,15.5433333333333,25.0733333333333,245.67
"Orosi",9.78529,-83.84652,2013,12,13.8548387096774,25.0967741935484,38.61
"Orosi",9.78529,-83.84652,2014,1,14.0774193548387,24.2677419354839,37.32
"Orosi",9.78529,-83.84652,2014,2,13.3571428571429,25.2892857142857,15.11
"Orosi",9.78529,-83.84652,2014,3,NA,NA,44
"Orosi",9.78529,-83.84652,2014,4,16.0733333333333,25.9266666666667,57.51
"Orosi",9.78529,-83.84652,2014,5,16.1709677419355,26.2129032258065,164.18
"Orosi",9.78529,-83.84652,2014,6,17.2466666666667,25.9466666666667,307.85
"Orosi",9.78529,-83.84652,2014,7,17.2387096774194,24.7290322580645,216.32
"Orosi",9.78529,-83.84652,2014,8,16.2483870967742,25.341935483871,287.31
"Orosi",9.78529,-83.84652,2014,9,16.3066666666667,25.6866666666667,570.46
"Orosi",9.78529,-83.84652,2014,10,16.5483870967742,25.5903225806452,415.56
"Orosi",9.78529,-83.84652,2014,11,16.27,24.9033333333333,123.7
"Orosi",9.78529,-83.84652,2014,12,15.9258064516129,22.9354838709677,141.33
"Orosi",9.78529,-83.84652,2015,1,15.4806451612903,23.1096774193548,139.94
"Orosi",9.78529,-83.84652,2015,2,14.7642857142857,23.7107142857143,80.98
"Orosi",9.78529,-83.84652,2015,3,14.6290322580645,24.4483870967742,49.57
"Orosi",9.78529,-83.84652,2015,4,15.1733333333333,26.1,39.73
"Orosi",9.78529,-83.84652,2015,5,17.041935483871,25.0387096774194,280.33
"Orosi",9.78529,-83.84652,2015,6,18.0833333333333,25.1866666666667,261.28
"Orosi",9.78529,-83.84652,2015,7,17.2838709677419,24.4870967741935,350.13
"Orosi",9.78529,-83.84652,2015,8,16.7,25.5774193548387,164.65
"Orosi",9.78529,-83.84652,2015,9,16.32,25.7433333333333,339.07
"Orosi",9.78529,-83.84652,2015,10,16.7290322580645,26.7225806451613,314.75
"Orosi",9.78529,-83.84652,2015,11,16.5233333333333,25.5133333333333,256.85
"Orosi",9.78529,-83.84652,2015,12,16.45,26.22,86.37
"Orosi",9.78529,-83.84652,2016,1,14.3375,25.35,15.6
"Orosi",9.78529,-83.84652,2016,2,14.7413793103448,24.2620689655172,82
"Orosi",9.78529,-83.84652,2016,3,15.7903225806452,26.5387096774194,8.4
"Orosi",9.78529,-83.84652,2016,4,16.08,28.0533333333333,40.4
"Orosi",9.78529,-83.84652,2016,5,17.4032258064516,27.8935483870968,252.8
"Orosi",9.78529,-83.84652,2016,6,16.4533333333333,26.8633333333333,310.6
"Orosi",9.78529,-83.84652,2016,7,16.3774193548387,25.9322580645161,206.8
"Orosi",9.78529,-83.84652,2016,8,16.4258064516129,26.9193548387097,205
"Orosi",9.78529,-83.84652,2016,9,16.1533333333333,26.68,296
"Orosi",9.78529,-83.84652,2016,10,17.0387096774194,26.7193548387097,429.6
"Orosi",9.78529,-83.84652,2016,11,16.9466666666667,25.3466666666667,172
"Orosi",9.78529,-83.84652,2016,12,15.8451612903226,24.8806451612903,201.8
"Orosi",9.78529,-83.84652,2017,1,13.458064516129,25.3548387096774,101.8
"Orosi",9.78529,-83.84652,2017,2,13.8857142857143,26.2642857142857,26.8
"Orosi",9.78529,-83.84652,2017,3,15.5483870967742,25.6354838709677,4.4
"Orosi",9.78529,-83.84652,2017,4,16,27.6433333333333,27
"Orosi",9.78529,-83.84652,2017,5,17.8483870967742,27.2838709677419,606.4
"Orosi",9.78529,-83.84652,2017,6,17.6866666666667,26.62,262.2
"Orosi",9.78529,-83.84652,2017,7,17.4354838709677,26.241935483871,248.2
"Orosi",9.78529,-83.84652,2017,8,16.9967741935484,26.8935483870968,221.2
"Orosi",9.78529,-83.84652,2017,9,17.19,27.4533333333333,169.6
"Orosi",9.78529,-83.84652,2017,10,17.2774193548387,26.8096774193548,255.8
"Orosi",9.78529,-83.84652,2017,11,17.07,25.46,77.6
"Orosi",9.78529,-83.84652,2017,12,15.3451612903226,24.3774193548387,71
"Orosi",9.78529,-83.84652,2018,1,16.1258064516129,23.3935483870968,110.8
"Orosi",9.78529,-83.84652,2018,2,14.0392857142857,24.725,43
"Orosi",9.78529,-83.84652,2018,3,14.5096774193548,25.5741935483871,9.4
"Orosi",9.78529,-83.84652,2018,4,15.7566666666667,26.3933333333333,39.8
"Orosi",9.78529,-83.84652,2018,5,16.5096774193548,27.7258064516129,276
"Orosi",9.78529,-83.84652,2018,6,17.3033333333333,26.31,368
"Orosi",9.78529,-83.84652,2018,7,17.0096774193548,25.2548387096774,321.8
"Orosi",9.78529,-83.84652,2018,8,16.6612903225806,26.5161290322581,201.6
"Orosi",9.78529,-83.84652,2018,9,16.4,26.7833333333333,343.8
"Orosi",9.78529,-83.84652,2018,10,16.2870967741936,26.1387096774194,257.2
"Orosi",9.78529,-83.84652,2018,11,16.27,25.86,109.6
"Orosi",9.78529,-83.84652,2018,12,14.3774193548387,25.3193548387097,36
"Orosi",9.78529,-83.84652,2019,1,13.741935483871,25.3677419354839,9.2
"Orosi",9.78529,-83.84652,2019,2,14.0214285714286,26.1178571428571,29
"Orosi",9.78529,-83.84652,2019,3,15.5322580645161,25.3677419354839,27.6
"Orosi",9.78529,-83.84652,2019,4,16.4166666666667,27.1466666666667,53.8
"Orosi",9.78529,-83.84652,2019,5,17.9290322580645,27.1,268.2
"Orosi",9.78529,-83.84652,2019,6,17.5133333333333,26.98,164.8
"Orosi",9.78529,-83.84652,2019,7,16.5870967741935,26.0806451612903,120.4
"Orosi",9.78529,-83.84652,2019,8,17.0258064516129,26.8322580645161,178.2
"Orosi",9.78529,-83.84652,2019,9,16.4266666666667,27.2733333333333,296.4
"Orosi",9.78529,-83.84652,2019,10,16.2096774193548,26.4096774193548,458
"Orosi",9.78529,-83.84652,2019,11,16.5466666666667,25.5366666666667,119.8
"Orosi",9.78529,-83.84652,2019,12,16.4258064516129,25.5870967741935,41
"Atirro",9.8612,-83.6358,2013,2,15.3625,26.9375,95.2
"Atirro",9.8612,-83.6358,2013,3,17.62,26.7,112.8
"Atirro",9.8612,-83.6358,2013,4,19.1269230769231,28.2538461538462,73.2
"Atirro",9.8612,-83.6358,2013,5,18.5791666666667,28.6208333333333,104.2
"Atirro",9.8612,-83.6358,2013,6,19.12,28.35,335.4
"Atirro",9.8612,-83.6358,2013,7,19.3806451612903,27.5645161290323,176
"Atirro",9.8612,-83.6358,2013,8,19.1741935483871,28.2709677419355,150.6
"Atirro",9.8612,-83.6358,2013,9,19.3,28.89,248
"Atirro",9.8612,-83.6358,2013,10,19.1032258064516,28.0709677419355,231.6
"Atirro",9.8612,-83.6358,2013,11,18.5566666666667,27.1933333333333,240.6
"Atirro",9.8612,-83.6358,2013,12,16.958064516129,26.6935483870968,46
"Atirro",9.8612,-83.6358,2014,1,17.1451612903226,25.7806451612903,136.8
"Atirro",9.8612,-83.6358,2014,2,16.7428571428571,26.8214285714286,15.2
"Atirro",9.8612,-83.6358,2014,3,NA,NA,69
"Atirro",9.8612,-83.6358,2014,4,19.2266666666667,27.7533333333333,87.2
"Atirro",9.8612,-83.6358,2014,5,19.4032258064516,28.4548387096774,123.4
"Atirro",9.8612,-83.6358,2014,6,20.0233333333333,27.8233333333333,32.2
"Atirro",9.8612,-83.6358,2014,7,19.8516129032258,26.6483870967742,55.2
"Atirro",9.8612,-83.6358,2014,8,19.1774193548387,27.7161290322581,213
"Atirro",9.8612,-83.6358,2014,9,19.1966666666667,28.4366666666667,277.6
"Atirro",9.8612,-83.6358,2014,10,19.2357142857143,27.5178571428571,288.6
"Atirro",9.8612,-83.6358,2014,11,18.9344827586207,26.9275862068966,141.8
"Atirro",9.8612,-83.6358,2014,12,18.2214285714286,26.6214285714286,146.5
"Atirro",9.8612,-83.6358,2015,1,18.0258064516129,25.4645161290323,211.8
"Atirro",9.8612,-83.6358,2015,2,17.7178571428571,25.9107142857143,120.4
"Atirro",9.8612,-83.6358,2015,3,17.6709677419355,26.8677419354839,50.6
"Atirro",9.8612,-83.6358,2015,4,18.9466666666667,28.12,64
"Atirro",9.8612,-83.6358,2015,5,19.8516129032258,27.3870967741935,303.8
"Atirro",9.8612,-83.6358,2015,6,20.6766666666667,27.9633333333333,359.8
"Atirro",9.8612,-83.6358,2015,7,19.9677419354839,27.1806451612903,289
"Atirro",9.8612,-83.6358,2015,8,20.0451612903226,28.0129032258065,89
"Atirro",9.8612,-83.6358,2015,9,19.46,28.51,271.8
"Atirro",9.8612,-83.6358,2015,10,19.8903225806452,28.9774193548387,232
"Atirro",9.8612,-83.6358,2015,11,19.5766666666667,28.0633333333333,203
"Atirro",9.8612,-83.6358,2015,12,19.958064516129,27.3451612903226,115
"Atirro",9.8612,-83.6358,2016,1,18.69,26.7,69
"Atirro",9.8612,-83.6358,2016,2,17.7586206896552,26.2413793103448,221.2
"Atirro",9.8612,-83.6358,2016,3,19.3483870967742,28.5193548387097,25.2
"Atirro",9.8612,-83.6358,2016,4,19,30.0333333333333,19.6
"Atirro",9.8612,-83.6358,2016,5,20.4354838709677,30.5483870967742,194.6
"Atirro",9.8612,-83.6358,2016,6,19.56,29.61,214
"Atirro",9.8612,-83.6358,2016,7,19.0645161290323,28.0322580645161,146.4
"Atirro",9.8612,-83.6358,2016,8,19.4516129032258,29.3161290322581,146.4
"Atirro",9.8612,-83.6358,2016,9,19.2833333333333,29.14,153.4
"Atirro",9.8612,-83.6358,2016,10,19.8709677419355,29.2451612903226,311.8
"Atirro",9.8612,-83.6358,2016,11,19.68,27.3933333333333,224.6
"Atirro",9.8612,-83.6358,2016,12,18.6354838709677,27.2838709677419,129.4
"Atirro",9.8612,-83.6358,2017,1,16.6709677419355,26.7096774193548,145.2
"Atirro",9.8612,-83.6358,2017,2,17.3321428571429,27.5428571428571,23
"Atirro",9.8612,-83.6358,2017,3,17.4451612903226,27.1483870967742,69
"Atirro",9.8612,-83.6358,2017,4,18.94,29.48,73.6
"Atirro",9.8612,-83.6358,2017,5,20,30.0888888888889,297.55
"Atirro",9.8612,-83.6358,2017,6,19.9210526315789,29.0052631578947,182
"Atirro",9.8612,-83.6358,2017,7,19.7645161290323,28.7806451612903,214.8
"Atirro",9.8612,-83.6358,2017,8,19.6064516129032,29.2935483870968,192.6
"Atirro",9.8612,-83.6358,2017,9,19.84,29.7266666666667,246.2
"Atirro",9.8612,-83.6358,2017,10,19.9172413793103,28.848275862069,150.6
"Atirro",9.8612,-83.6358,2017,11,19.21,27.35,85.8
"Atirro",9.8612,-83.6358,2017,12,17.4935483870968,26.3032258064516,12
"Atirro",9.8612,-83.6358,2018,1,18.1322580645161,24.8387096774194,97.2
"Atirro",9.8612,-83.6358,2018,2,16.7214285714286,26.6892857142857,44
"Atirro",9.8612,-83.6358,2018,3,17.658064516129,27.0774193548387,27.4
"Atirro",9.8612,-83.6358,2018,4,18.6366666666667,28.01,64.2
"Atirro",9.8612,-83.6358,2018,5,19.2258064516129,29.6129032258065,184
"Atirro",9.8612,-83.6358,2018,6,20.5809523809524,28.1761904761905,184.66
"Atirro",9.8612,-83.6358,2018,7,20.2611111111111,27.3055555555556,303.42
"Atirro",9.8612,-83.6358,2018,8,19.7774193548387,28.3,186.2
"Atirro",9.8612,-83.6358,2018,9,19.5766666666667,29.2433333333333,195
"Atirro",9.8612,-83.6358,2018,10,19.5483870967742,28.2258064516129,198.8
"Atirro",9.8612,-83.6358,2018,11,19.68,27.7233333333333,128.4
"Atirro",9.8612,-83.6358,2018,12,18.0590909090909,26.5363636363636,82.4
"Atirro",9.8612,-83.6358,2019,1,17.3161290322581,26.8774193548387,21.8
"Atirro",9.8612,-83.6358,2019,2,17.5285714285714,27.6821428571429,35.8
"Atirro",9.8612,-83.6358,2019,3,18.3451612903226,26.9774193548387,41.8
"Atirro",9.8612,-83.6358,2019,4,19.62,29.22,65.4
"Atirro",9.8612,-83.6358,2019,5,20.958064516129,29.2774193548387,231.7
"Atirro",9.8612,-83.6358,2019,6,20.7266666666667,29.2633333333333,128.6
"Atirro",9.8612,-83.6358,2019,7,19.67,28.4,94.5
"Atirro",9.8612,-83.6358,2019,8,20.1935483870968,28.4806451612903,129.1
"Atirro",9.8612,-83.6358,2019,9,19.8266666666667,28.96,138.6
"Atirro",9.8612,-83.6358,2019,10,19.4967741935484,28.6193548387097,217.2
"Atirro",9.8612,-83.6358,2019,11,19.5346153846154,27.0807692307692,207.6
"Atirro",9.8612,-83.6358,2019,12,19.2322580645161,27.0645161290323,131.2
"Santa Rosa",9.92852,-83.69964,2017,1,15.8387096774194,26.6870967741935,293.6
"Santa Rosa",9.92852,-83.69964,2017,2,16.325,27.725,63.2
"Santa Rosa",9.92852,-83.69964,2017,3,16.5967741935484,27.2096774193548,131
"Santa Rosa",9.92852,-83.69964,2017,4,17.8833333333333,29.07,106.2
"Santa Rosa",9.92852,-83.69964,2017,5,18.9516129032258,29.3258064516129,337
"Santa Rosa",9.92852,-83.69964,2017,6,18.9133333333333,28.5433333333333,133.2
"Santa Rosa",9.92852,-83.69964,2017,7,18.4483870967742,28.0225806451613,240.8
"Santa Rosa",9.92852,-83.69964,2017,8,18.0967741935484,29.2322580645161,209.2
"Santa Rosa",9.92852,-83.69964,2017,9,18.3766666666667,29.8266666666667,185.6
"Santa Rosa",9.92852,-83.69964,2017,10,18.4548387096774,28.441935483871,150.6
"Santa Rosa",9.92852,-83.69964,2017,11,17.9633333333333,26.7866666666667,60.4
"Santa Rosa",9.92852,-83.69964,2017,12,16.3129032258065,25.6806451612903,4.4
"Santa Rosa",9.92852,-83.69964,2018,1,16.7709677419355,24.2258064516129,195.2
"Santa Rosa",9.92852,-83.69964,2018,2,15.3821428571429,26.0107142857143,95.2
"Santa Rosa",9.92852,-83.69964,2018,3,16.0967741935484,27.2387096774194,34.8
"Santa Rosa",9.92852,-83.69964,2018,4,17.0233333333333,27.5866666666667,73
"Santa Rosa",9.92852,-83.69964,2018,5,17.8193548387097,28.6806451612903,235.6
"Santa Rosa",9.92852,-83.69964,2018,6,18.3433333333333,27.4066666666667,204.8
"Santa Rosa",9.92852,-83.69964,2018,7,18.0709677419355,26.4354838709677,554.2
"Santa Rosa",9.92852,-83.69964,2018,8,17.8935483870968,27.6774193548387,189.8
"Santa Rosa",9.92852,-83.69964,2018,9,17.79,28.8733333333333,138
"Santa Rosa",9.92852,-83.69964,2018,10,17.6451612903226,27.5741935483871,194.4
"Santa Rosa",9.92852,-83.69964,2018,11,17.6733333333333,27.52,142
"Santa Rosa",9.92852,-83.69964,2018,12,16.0225806451613,27.2290322580645,56.4
"Santa Rosa",9.92852,-83.69964,2019,1,15.6645161290323,26.6903225806452,33.2
"Santa Rosa",9.92852,-83.69964,2019,2,16.2428571428571,27.3964285714286,67.6
"Santa Rosa",9.92852,-83.69964,2019,3,16.8774193548387,26.3645161290323,74.6
"Santa Rosa",9.92852,-83.69964,2019,4,17.8233333333333,27.93,55.6
"Santa Rosa",9.92852,-83.69964,2019,5,19.2645161290323,27.4354838709677,192.2
"Santa Rosa",9.92852,-83.69964,2019,6,18.8033333333333,28.0533333333333,121
"Santa Rosa",9.92852,-83.69964,2019,7,18.0161290322581,27.6516129032258,153.8
"Santa Rosa",9.92852,-83.69964,2019,8,18.3774193548387,27.741935483871,185
"Santa Rosa",9.92852,-83.69964,2019,9,17.9766666666667,28.5966666666667,153.6
"Santa Rosa",9.92852,-83.69964,2019,10,17.9,28.8193548387097,242.8
"Santa Rosa",9.92852,-83.69964,2019,11,17.5333333333333,26.9933333333333,287.2
"Santa Rosa",9.92852,-83.69964,2019,12,17.558064516129,26.7387096774194,108.8
"San Ramón",10.06455,-84.47379,2010,1,16.3548387096774,25.641935483871,2.6
"San Ramón",10.06455,-84.47379,2010,2,17.5071428571429,27.0642857142857,21
"San Ramón",10.06455,-84.47379,2010,3,17.1709677419355,26.5548387096774,16.6
"San Ramón",10.06455,-84.47379,2010,4,18.2066666666667,28.8833333333333,109.2
"San Ramón",10.06455,-84.47379,2010,5,18.4935483870968,26.6967741935484,178.2
"San Ramón",10.06455,-84.47379,2010,6,18.1166666666667,25.9266666666667,362.2
"San Ramón",10.06455,-84.47379,2010,7,17.9612903225806,25.3903225806452,575
"San Ramón",10.06455,-84.47379,2010,8,18.1032258064516,25.6483870967742,585.8
"San Ramón",10.06455,-84.47379,2010,9,17.4833333333333,24.5233333333333,913.6
"San Ramón",10.06455,-84.47379,2010,10,17.241935483871,25.1322580645161,180.6
"San Ramón",10.06455,-84.47379,2010,11,18.65,23.925,290.4
"San Ramón",10.06455,-84.47379,2010,12,15.1225806451613,22.6064516129032,43.4
"San Ramón",10.06455,-84.47379,2011,1,15.9096774193548,25.3548387096774,2.8
"San Ramón",10.06455,-84.47379,2011,2,16.9214285714286,26.9,6.2
"San Ramón",10.06455,-84.47379,2011,3,16.7178571428571,28.7964285714286,2.2
"San Ramón",10.06455,-84.47379,2011,4,17.0833333333333,30.39,20
"San Ramón",10.06455,-84.47379,2011,5,18.8677419354839,28.1483870967742,175
"San Ramón",10.06455,-84.47379,2011,6,19.12,27.32,278.4
"San Ramón",10.06455,-84.47379,2011,7,18.8935483870968,26.4645161290323,274.4
"San Ramón",10.06455,-84.47379,2011,8,18.4387096774194,27.1612903225806,222.4
"San Ramón",10.06455,-84.47379,2011,9,18.29,27.2533333333333,355.8
"San Ramón",10.06455,-84.47379,2011,10,18.5,24.4032258064516,485.8
"San Ramón",10.06455,-84.47379,2011,11,19.1666666666667,25.3,103.82
"San Ramón",10.06455,-84.47379,2011,12,NA,NA,44
"San Ramón",10.06455,-84.47379,2012,1,16.0730769230769,27.1384615384615,4.2
"San Ramón",10.06455,-84.47379,2012,2,16.5896551724138,29.0724137931034,3.4
"San Ramón",10.06455,-84.47379,2012,3,17.3741935483871,30.0967741935484,3.2
"San Ramón",10.06455,-84.47379,2012,4,18.11,28.8933333333333,178.4
"San Ramón",10.06455,-84.47379,2012,5,19.158064516129,27.8225806451613,177.8
"San Ramón",10.06455,-84.47379,2012,6,18.7433333333333,27.3833333333333,187.6
"San Ramón",10.06455,-84.47379,2012,7,18.9774193548387,26.3645161290323,98.2
"San Ramón",10.06455,-84.47379,2012,8,17.9064516129032,27.2903225806452,353.6
"San Ramón",10.06455,-84.47379,2012,9,18.2166666666667,27.0733333333333,183
"San Ramón",10.06455,-84.47379,2012,10,18.3290322580645,26.041935483871,153.4
"San Ramón",10.06455,-84.47379,2012,11,18.0133333333333,24.2066666666667,44
"San Ramón",10.06455,-84.47379,2012,12,17.3935483870968,25.6129032258065,3
"San Ramón",10.06455,-84.47379,2013,1,17.09,28.3866666666667,3.2
"San Ramón",10.06455,-84.47379,2013,2,16.2,29.175,2
"San Ramón",10.06455,-84.47379,2013,3,17.3741935483871,28.0451612903226,1.6
"San Ramón",10.06455,-84.47379,2013,4,18.46,30.6466666666667,30
"San Ramón",10.06455,-84.47379,2013,5,18.058064516129,29.5032258064516,220
"San Ramón",10.06455,-84.47379,2013,6,18.4166666666667,28.7933333333333,160
"San Ramón",10.06455,-84.47379,2013,7,18.9129032258065,28.2225806451613,210.4
"San Ramón",10.06455,-84.47379,2013,8,18.5838709677419,28.4645161290323,394.2
"San Ramón",10.06455,-84.47379,2013,9,18.3566666666667,29.1,313.4
"San Ramón",10.06455,-84.47379,2013,10,18.1806451612903,28.3064516129032,586
"San Ramón",10.06455,-84.47379,2013,11,17.8214285714286,27.2607142857143,123
"San Ramón",10.06455,-84.47379,2013,12,NA,NA,18.3
"San Ramón",10.06455,-84.47379,2014,1,17.0631578947368,25.9947368421053,1
"San Ramón",10.06455,-84.47379,2014,2,16.0214285714286,28.5107142857143,2.8
"San Ramón",10.06455,-84.47379,2014,3,NA,NA,6
"San Ramón",10.06455,-84.47379,2014,4,19.0633333333333,29.7733333333333,25.6
"San Ramón",10.06455,-84.47379,2014,5,19.0064516129032,29.4290322580645,173.2
"San Ramón",10.06455,-84.47379,2014,6,19.8066666666667,27.96,165.2
"San Ramón",10.06455,-84.47379,2014,7,20.0612903225806,27.9129032258065,38.2
"San Ramón",10.06455,-84.47379,2014,8,18.8516129032258,27.8838709677419,178.2
"San Ramón",10.06455,-84.47379,2014,9,18.7666666666667,28.27,547.6
"San Ramón",10.06455,-84.47379,2014,10,18.8645161290323,27.8709677419355,394
"San Ramón",10.06455,-84.47379,2014,11,18.23,26.32,40.6
"San Ramón",10.06455,-84.47379,2014,12,17.9225806451613,25.4258064516129,10.6
"San Ramón",10.06455,-84.47379,2015,1,16.9354838709677,26.5516129032258,2.2
"San Ramón",10.06455,-84.47379,2015,2,16.0857142857143,25.75,4
"San Ramón",10.06455,-84.47379,2015,3,16.1225806451613,27.7806451612903,1.2
"San Ramón",10.06455,-84.47379,2015,4,17.61,28.7633333333333,10.6
"San Ramón",10.06455,-84.47379,2015,5,18.7096774193548,27.7129032258064,103.8
"San Ramón",10.06455,-84.47379,2015,6,20.0433333333333,28.2033333333333,149.4
"San Ramón",10.06455,-84.47379,2015,7,19.4774193548387,27.4483870967742,177.6
"San Ramón",10.06455,-84.47379,2015,8,19.3935483870968,28.0516129032258,124.8
"San Ramón",10.06455,-84.47379,2015,9,18.49,27.56,227.2
"San Ramón",10.06455,-84.47379,2015,10,18.5,27.904347826087,290.7
"San Ramón",10.06455,-84.47379,2015,11,18.4966666666667,26.7466666666667,235.8
"San Ramón",10.06455,-84.47379,2015,12,19.1,26.8451612903226,33.4
"San Ramón",10.06455,-84.47379,2016,1,17.1032258064516,26.2387096774194,1
"San Ramón",10.06455,-84.47379,2016,2,17.4172413793103,27.9620689655172,1.8
"San Ramón",10.06455,-84.47379,2016,3,17.8645161290323,29.8709677419355,0.8
"San Ramón",10.06455,-84.47379,2016,4,18.15,31.3666666666667,39.2
"San Ramón",10.06455,-84.47379,2016,5,19.4,28.8225806451613,306.8
"San Ramón",10.06455,-84.47379,2016,6,18.7366666666667,27.58,328.2
"San Ramón",10.06455,-84.47379,2016,7,18.5967741935484,26.8225806451613,195
"San Ramón",10.06455,-84.47379,2016,8,18.8225806451613,28.1290322580645,318.8
"San Ramón",10.06455,-84.47379,2016,9,18.6966666666667,26.9766666666667,262
"San Ramón",10.06455,-84.47379,2016,10,18.7,26.4866666666667,325
"San Ramón",10.06455,-84.47379,2016,11,18.35,24.87,127
"San Ramón",10.06455,-84.47379,2016,12,17.358064516129,25.6451612903226,76
"San Ramón",10.06455,-84.47379,2017,1,16.2548387096774,27.2387096774194,2.6
"San Ramón",10.06455,-84.47379,2017,2,16.3357142857143,29.0714285714286,0.6
"San Ramón",10.06455,-84.47379,2017,3,16.8064516129032,29.441935483871,1.8
"San Ramón",10.06455,-84.47379,2017,4,18.34,30.51,129
"San Ramón",10.06455,-84.47379,2017,5,19.4129032258065,28.4483870967742,489.4
"San Ramón",10.06455,-84.47379,2017,6,19.36,27.5866666666667,228.6
"San Ramón",10.06455,-84.47379,2017,7,19.0967741935484,27.1967741935484,164.2
"San Ramón",10.06455,-84.47379,2017,8,18.841935483871,28.2,174.8
"San Ramón",10.06455,-84.47379,2017,9,18.24,27.8033333333333,402
"San Ramón",10.06455,-84.47379,2017,10,18.4806451612903,26.2903225806452,410
"San Ramón",10.06455,-84.47379,2017,11,17.79,25.4933333333333,74.4
"San Ramón",10.06455,-84.47379,2017,12,16.6193548387097,26.6032258064516,8.4
"San Ramón",10.06455,-84.47379,2018,1,17.2225806451613,25.8935483870968,5.6
"San Ramón",10.06455,-84.47379,2018,2,16.1535714285714,28.1678571428571,1.2
"San Ramón",10.06455,-84.47379,2018,3,17.0193548387097,28.2967741935484,0
"San Ramón",10.06455,-84.47379,2018,4,17.59,28.2266666666667,35.2
"San Ramón",10.06455,-84.47379,2018,5,17.8741935483871,28.5806451612903,286.8
"San Ramón",10.06455,-84.47379,2018,6,18.7833333333333,27.75,95.6
"San Ramón",10.06455,-84.47379,2018,7,18.8709677419355,26.3645161290323,103
"San Ramón",10.06455,-84.47379,2018,8,18.4516129032258,26.7354838709677,72.8
"San Ramón",10.06455,-84.47379,2018,9,18.2733333333333,26.3233333333333,187.8
"San Ramón",10.06455,-84.47379,2018,10,18.0193548387097,25.7483870967742,269.2
"San Ramón",10.06455,-84.47379,2018,11,18.1533333333333,26.0633333333333,63.8
"San Ramón",10.06455,-84.47379,2018,12,16.458064516129,27.0193548387097,1.6
"San Ramón",10.06455,-84.47379,2019,1,16.8516129032258,27.4161290322581,0.6
"San Ramón",10.06455,-84.47379,2019,2,16.8428571428571,29.1285714285714,0.2
"San Ramón",10.06455,-84.47379,2019,3,17.5774193548387,28.1548387096774,0
"San Ramón",10.06455,-84.47379,2019,4,18.0366666666667,29.9733333333333,7.8
"San Ramón",10.06455,-84.47379,2019,5,19.3387096774194,28.0322580645161,339.4
"San Ramón",10.06455,-84.47379,2019,6,19.3733333333333,27.4533333333333,94.8
"San Ramón",10.06455,-84.47379,2019,7,18.7032258064516,26.7096774193548,62.6
"San Ramón",10.06455,-84.47379,2019,8,18.5,26.908,230.1
"San Ramón",10.06455,-84.47379,2019,9,18.1733333333333,26.99,242.6
"San Ramón",10.06455,-84.47379,2019,10,17.9387096774194,26.3612903225806,241
"San Ramón",10.06455,-84.47379,2019,11,18.2416666666667,25.4833333333333,109.2
"San Ramón",10.06455,-84.47379,2019,12,17.7142857142857,25.4428571428571,22
"Naranjo",10.10778,-84.38361,2009,1,15.0645161290323,25.5032258064516,7.6
"Naranjo",10.10778,-84.38361,2009,2,15.4142857142857,26.5607142857143,0.2
"Naranjo",10.10778,-84.38361,2009,3,14.9666666666667,27.1333333333333,2
"Naranjo",10.10778,-84.38361,2009,4,16.1633333333333,27.61,5.8
"Naranjo",10.10778,-84.38361,2009,5,17.341935483871,26.1516129032258,266
"Naranjo",10.10778,-84.38361,2009,6,17.49,25.74,336.8
"Naranjo",10.10778,-84.38361,2009,7,17.3548387096774,25.8290322580645,172.8
"Naranjo",10.10778,-84.38361,2009,8,17.4129032258065,25.8548387096774,125.4
"Naranjo",10.10778,-84.38361,2009,9,17.2433333333333,26.4033333333333,35.2
"Naranjo",10.10778,-84.38361,2009,10,17.4846153846154,25.1461538461538,204.9
"Naranjo",10.10778,-84.38361,2009,11,16.7375,25.3791666666667,60
"Naranjo",10.10778,-84.38361,2009,12,16.1677419354839,26.1387096774194,0
"Naranjo",10.10778,-84.38361,2010,1,15.5548387096774,26.7129032258065,0
"Naranjo",10.10778,-84.38361,2010,2,17.0428571428571,28.0107142857143,1.4
"Naranjo",10.10778,-84.38361,2010,3,16.8354838709677,28.2548387096774,0.2
"Naranjo",10.10778,-84.38361,2010,4,17.7133333333333,27.7733333333333,84.4
"Naranjo",10.10778,-84.38361,2010,5,18.0451612903226,26.1096774193548,177
"Naranjo",10.10778,-84.38361,2010,6,17.8166666666667,25.46,374.2
"Naranjo",10.10778,-84.38361,2010,7,17.5096774193548,24.6806451612903,713.6
"Naranjo",10.10778,-84.38361,2010,8,17.5774193548387,24.9741935483871,547.2
"Naranjo",10.10778,-84.38361,2010,9,17.3466666666667,23.8833333333333,661.2
"Naranjo",10.10778,-84.38361,2010,10,17.0032258064516,25.1387096774194,162.8
"Naranjo",10.10778,-84.38361,2010,11,18.05,22.775,273
"Naranjo",10.10778,-84.38361,2010,12,14.9870967741935,23.9645161290323,55
"Naranjo",10.10778,-84.38361,2011,1,15.4451612903226,25.8290322580645,2.2
"Naranjo",10.10778,-84.38361,2011,2,15.1125,26.9958333333333,18.2
"Naranjo",10.10778,-84.38361,2011,3,14.6451612903226,26.841935483871,22
"Naranjo",10.10778,-84.38361,2011,4,15.71,27.4266666666667,30.8
"Naranjo",10.10778,-84.38361,2011,5,17.458064516129,26.4225806451613,335.6
"Naranjo",10.10778,-84.38361,2011,6,17.76,25.2933333333333,287.4
"Naranjo",10.10778,-84.38361,2011,7,17.2032258064516,24.9096774193548,318.2
"Naranjo",10.10778,-84.38361,2011,8,16.9612903225806,25.6129032258065,356.2
"Naranjo",10.10778,-84.38361,2011,9,17.17,25.56,343
"Naranjo",10.10778,-84.38361,2011,10,17.0193548387097,22.8290322580645,602.4
"Naranjo",10.10778,-84.38361,2011,11,16.4566666666667,24.4733333333333,167.6
"Naranjo",10.10778,-84.38361,2011,12,15.6967741935484,24.858064516129,34.4
"Naranjo",10.10778,-84.38361,2012,1,14.6258064516129,26.4032258064516,0.4
"Naranjo",10.10778,-84.38361,2012,2,14.6793103448276,27.8586206896552,0.2
"Naranjo",10.10778,-84.38361,2012,3,15.3153846153846,28.6,1.6
"Naranjo",10.10778,-84.38361,2012,4,16.48,27.0566666666667,86.4
"Naranjo",10.10778,-84.38361,2012,5,17.5225806451613,26.4806451612903,245
"Naranjo",10.10778,-84.38361,2012,6,17.4833333333333,26.3666666666667,190.2
"Naranjo",10.10778,-84.38361,2012,7,17.2967741935484,25.9935483870968,141
"Naranjo",10.10778,-84.38361,2012,8,17.041935483871,25.9161290322581,435.2
"Naranjo",10.10778,-84.38361,2012,9,16.91,25.8266666666667,319.4
"Naranjo",10.10778,-84.38361,2012,10,17.0806451612903,25.1741935483871,222.2
"Naranjo",10.10778,-84.38361,2012,11,16.7533333333333,25.0433333333333,78
"Naranjo",10.10778,-84.38361,2012,12,16.4935483870968,26.1,10.4
"Naranjo",10.10778,-84.38361,2013,1,15.2322580645161,27.5451612903226,0.4
"Naranjo",10.10778,-84.38361,2013,2,14.8714285714286,27.9178571428571,0.2
"Naranjo",10.10778,-84.38361,2013,3,16.5290322580645,28.2387096774194,0.6
"Naranjo",10.10778,-84.38361,2013,4,16.82,28.2766666666667,46
"Naranjo",10.10778,-84.38361,2013,5,17.0838709677419,26.8709677419355,197.6
"Naranjo",10.10778,-84.38361,2013,6,17.2666666666667,26.0966666666667,250.4
"Naranjo",10.10778,-84.38361,2013,7,17.1516129032258,25.7193548387097,220.4
"Naranjo",10.10778,-84.38361,2013,8,17.0161290322581,25.6709677419355,286.2
"Naranjo",10.10778,-84.38361,2013,9,17.21,25.4733333333333,402.4
"Naranjo",10.10778,-84.38361,2013,10,16.9161290322581,25.1870967741935,480.6
"Naranjo",10.10778,-84.38361,2013,11,16.63,25.2133333333333,247.6
"Naranjo",10.10778,-84.38361,2013,12,15.2838709677419,26.3129032258065,26.8
"Naranjo",10.10778,-84.38361,2014,1,14.8774193548387,26.6290322580645,1.2
"Naranjo",10.10778,-84.38361,2014,2,14.4285714285714,27.5535714285714,0.4
"Naranjo",10.10778,-84.38361,2014,3,15.2,28.1677419354839,0
"Naranjo",10.10778,-84.38361,2014,4,16.98,27.97,82.8
"Naranjo",10.10778,-84.38361,2014,5,17.1870967741935,26.5354838709677,238.2
"Naranjo",10.10778,-84.38361,2014,6,17.9,26.2333333333333,242.8
"Naranjo",10.10778,-84.38361,2014,7,17.941935483871,27.2677419354839,16
"Naranjo",10.10778,-84.38361,2014,8,17.2096774193548,26.6741935483871,266.2
"Naranjo",10.10778,-84.38361,2014,9,17.21,26.3333333333333,444.2
"Naranjo",10.10778,-84.38361,2014,10,17.5161290322581,26.2870967741935,306.4
"Naranjo",10.10778,-84.38361,2014,11,17.0766666666667,26.2733333333333,63.4
"Naranjo",10.10778,-84.38361,2014,12,16.2870967741936,26.3967741935484,18.2
"Naranjo",10.10778,-84.38361,2015,1,16.3870967741935,27.741935483871,1
"Naranjo",10.10778,-84.38361,2015,2,15.7821428571429,27.9285714285714,0
"Naranjo",10.10778,-84.38361,2015,3,15.4354838709677,28.4774193548387,0.4
"Naranjo",10.10778,-84.38361,2015,4,16.6333333333333,29.04,35.6
"Naranjo",10.10778,-84.38361,2015,5,17.6032258064516,27.7967741935484,84.6
"Naranjo",10.10778,-84.38361,2015,6,18.6466666666667,27.66,180
"Naranjo",10.10778,-84.38361,2015,7,17.6387096774194,27.3612903225806,166.2
"Naranjo",10.10778,-84.38361,2015,8,17.6838709677419,28.0387096774194,86.8
"Naranjo",10.10778,-84.38361,2015,9,17.58,27.3233333333333,188.2
"Naranjo",10.10778,-84.38361,2015,10,17.7516129032258,27.2645161290323,877.2
"Naranjo",10.10778,-84.38361,2015,11,17.2633333333333,27.03,177.8
"Naranjo",10.10778,-84.38361,2015,12,17.4806451612903,28.2612903225806,11.6
"Naranjo",10.10778,-84.38361,2016,1,15.7903225806452,28.1258064516129,0.4
"Naranjo",10.10778,-84.38361,2016,2,16.7586206896552,29.1931034482759,1.9
"Naranjo",10.10778,-84.38361,2016,3,17.3645161290323,30.1225806451613,0
"Naranjo",10.10778,-84.38361,2016,4,17.73,30.5333333333333,29.4
"Naranjo",10.10778,-84.38361,2016,5,18.7806451612903,28.6193548387097,168.4
"Naranjo",10.10778,-84.38361,2016,6,18.23,27.3466666666667,385.6
"Naranjo",10.10778,-84.38361,2016,7,17.8290322580645,27.3967741935484,227
"Naranjo",10.10778,-84.38361,2016,8,18.0870967741935,27.8806451612903,213.2
"Naranjo",10.10778,-84.38361,2016,9,17.8,27.77,241.4
"Naranjo",10.10778,-84.38361,2016,10,18.058064516129,26.8709677419355,338.6
"Naranjo",10.10778,-84.38361,2016,11,17.69,26.1766666666667,141.4
"Naranjo",10.10778,-84.38361,2016,12,17.2709677419355,27.0645161290323,115.8
"Naranjo",10.10778,-84.38361,2017,1,16.0161290322581,28.1129032258065,1.4
"Naranjo",10.10778,-84.38361,2017,2,15.8178571428571,29.2071428571429,0
"Naranjo",10.10778,-84.38361,2017,3,16.2967741935484,29.8709677419355,0
"Naranjo",10.10778,-84.38361,2017,4,17.6133333333333,29.68,109.9
"Naranjo",10.10778,-84.38361,2017,5,18.841935483871,27.4548387096774,310
"Naranjo",10.10778,-84.38361,2017,6,18.6233333333333,26.9933333333333,251
"Naranjo",10.10778,-84.38361,2017,7,18.241935483871,27.3258064516129,244.4
"Naranjo",10.10778,-84.38361,2017,8,17.9354838709677,27.541935483871,405.2
"Naranjo",10.10778,-84.38361,2017,9,18.2566666666667,27.2,480.2
"Naranjo",10.10778,-84.38361,2017,10,18.5096774193548,26.2741935483871,345.2
"Naranjo",10.10778,-84.38361,2017,11,17.8033333333333,26.6366666666667,74.8
"Naranjo",10.10778,-84.38361,2017,12,17.1709677419355,27.7354838709677,33.8
"Naranjo",10.10778,-84.38361,2018,1,17.2612903225806,27.0935483870968,15.8
"Naranjo",10.10778,-84.38361,2018,2,15.3107142857143,29.1892857142857,5.6
"Naranjo",10.10778,-84.38361,2018,3,15.6548387096774,29.6322580645161,0
"Naranjo",10.10778,-84.38361,2018,4,17.18,29.0033333333333,25
"Naranjo",10.10778,-84.38361,2018,5,18.0645161290323,28.0935483870968,280.2
"Naranjo",10.10778,-84.38361,2018,6,18.62,27.2933333333333,121
"Naranjo",10.10778,-84.38361,2018,7,18.2741935483871,27.0483870967742,170.8
"Naranjo",10.10778,-84.38361,2018,8,18.058064516129,27.2516129032258,167
"Naranjo",10.10778,-84.38361,2018,9,18.02,27.08,354.6
"Naranjo",10.10778,-84.38361,2018,10,17.9387096774194,25.9258064516129,279
"Naranjo",10.10778,-84.38361,2018,11,17.68,26.8766666666667,147
"Naranjo",10.10778,-84.38361,2018,12,16.0354838709677,27.941935483871,0.8
"Naranjo",10.10778,-84.38361,2019,1,15.6677419354839,28.4548387096774,0
"Naranjo",10.10778,-84.38361,2019,2,15.6964285714286,29.4428571428571,2.2
"Naranjo",10.10778,-84.38361,2019,3,16.1677419354839,29.8387096774194,0
"Naranjo",10.10778,-84.38361,2019,4,17.6033333333333,30.3266666666667,1.8
"Naranjo",10.10778,-84.38361,2019,5,19.258064516129,27.8935483870968,276
"Naranjo",10.10778,-84.38361,2019,6,18.9,27.8533333333333,233
"Naranjo",10.10778,-84.38361,2019,7,18.0967741935484,27.6322580645161,175.4
"Naranjo",10.10778,-84.38361,2019,8,18.4677419354839,27.1709677419355,155.6
"Naranjo",10.10778,-84.38361,2019,9,18.2666666666667,26.93,259.4
"Naranjo",10.10778,-84.38361,2019,10,18.0774193548387,26.358064516129,307.6
"Naranjo",10.10778,-84.38361,2019,11,17.6266666666667,27.0533333333333,115.6
"Naranjo",10.10778,-84.38361,2019,12,17.358064516129,27.6612903225806,25.8
"Palmares",NA,NA,2016,9,17.43,27.29,70
"Palmares",NA,NA,2016,10,17.958064516129,26.1548387096774,326.2
"Palmares",NA,NA,2016,11,17.4233333333333,24.89,136.4
"Palmares",NA,NA,2016,12,16.3870967741935,25.7258064516129,89.4
"Palmares",NA,NA,2017,1,14.8354838709677,27.0935483870968,0.2
"Palmares",NA,NA,2017,2,14.9714285714286,28.4392857142857,0
"Palmares",NA,NA,2017,3,15.3096774193548,29.9225806451613,1
"Palmares",NA,NA,2017,4,17.3366666666667,29.5666666666667,79.6
"Palmares",NA,NA,2017,5,18.8516129032258,27.7129032258064,259.2
"Palmares",NA,NA,2017,6,18.8923076923077,26.8384615384615,225
"Palmares",NA,NA,2017,7,18.3625,27.2583333333333,241.6
"Palmares",NA,NA,2017,8,18.1096774193548,27.7064516129032,228.4
"Palmares",NA,NA,2017,9,18.1892857142857,28.2964285714286,270
"Palmares",NA,NA,2017,10,17.4666666666667,25.2166666666667,563.8
"Palmares",NA,NA,2017,11,17.2433333333333,25.83,23.8
"Palmares",NA,NA,2017,12,15.6758620689655,27.2103448275862,7.8
"Palmares",NA,NA,2018,1,16.5652173913043,27.4913043478261,9.6
"Palmares",NA,NA,2018,2,14.436,30.008,10
"Palmares",NA,NA,2018,3,15.4032258064516,30.5548387096774,1
"Palmares",NA,NA,2018,4,16.7037037037037,29.6925925925926,18
"Palmares",NA,NA,2018,5,18.0653846153846,29.4192307692308,183
"Palmares",NA,NA,2018,6,18.5142857142857,28.8904761904762,148.8
"Palmares",NA,NA,2018,7,18.1571428571429,27.7928571428571,74.4
"Palmares",NA,NA,2018,8,18.1,27.6166666666667,36.4
"Frailes",9.75,-84.05306,2010,1,14.2266666666667,22.52,23.68
"Frailes",9.75,-84.05306,2010,2,15.3357142857143,23.2071428571429,42.51
"Frailes",9.75,-84.05306,2010,3,15.2387096774194,24.5064516129032,50.47
"Frailes",9.75,-84.05306,2010,4,16.0413793103448,25.0862068965517,193.68
"Frailes",9.75,-84.05306,2010,5,16.0161290322581,23.2354838709677,277.83
"Frailes",9.75,-84.05306,2010,6,15.7366666666667,22.8033333333333,303.54
"Frailes",9.75,-84.05306,2010,7,15.1774193548387,21.7516129032258,345.42
"Frailes",9.75,-84.05306,2010,8,15.1677419354839,22.0193548387097,450.65
"Frailes",9.75,-84.05306,2010,9,14.96,20.9066666666667,599.79
"Frailes",9.75,-84.05306,2010,10,15.0129032258065,21.8064516129032,484.96
"Frailes",9.75,-84.05306,2010,11,14.3733333333333,20.4833333333333,540.62
"Frailes",9.75,-84.05306,2010,12,13.058064516129,19.8935483870968,59.9
"Frailes",9.75,-84.05306,2011,1,13.6774193548387,21.9258064516129,19.13
"Frailes",9.75,-84.05306,2011,2,13.6964285714286,22.9,24.02
"Frailes",9.75,-84.05306,2011,3,13.4516129032258,23.8806451612903,33.74
"Frailes",9.75,-84.05306,2011,4,14.6933333333333,24.4466666666667,98.28
"Frailes",9.75,-84.05306,2011,5,15.5645161290323,23.1451612903226,216.45
"Frailes",9.75,-84.05306,2011,6,15.5966666666667,22.7466666666667,310.62
"Frailes",9.75,-84.05306,2011,7,15.158064516129,22.2354838709677,238.32
"Frailes",9.75,-84.05306,2011,8,15.2064516129032,22.8741935483871,219.29
"Frailes",9.75,-84.05306,2011,9,15.0866666666667,22.74,334.82
"Frailes",9.75,-84.05306,2011,10,14.7290322580645,19.7838709677419,538.99
"Frailes",9.75,-84.05306,2011,11,14.5366666666667,22.2566666666667,106.24
"Frailes",9.75,-84.05306,2011,12,14.0322580645161,21.1,52.9
"Frailes",9.75,-84.05306,2012,1,13.3096774193548,21.3032258064516,6.79
"Frailes",9.75,-84.05306,2012,2,13.4034482758621,22.5931034482759,19.49
"Frailes",9.75,-84.05306,2012,3,13.658064516129,23.2935483870968,12.09
"Frailes",9.75,-84.05306,2012,4,14.71,23.65,174.42
"Frailes",9.75,-84.05306,2012,5,15.6483870967742,23.8387096774194,225.59
"Frailes",9.75,-84.05306,2012,6,15.36,23.1933333333333,237
"Frailes",9.75,-84.05306,2012,7,15.4806451612903,22.9870967741935,24.07
"Frailes",9.75,-84.05306,2012,8,15.1064516129032,23.7451612903226,128.32
"Frailes",9.75,-84.05306,2012,9,15.07,23.1366666666667,230.11
"Frailes",9.75,-84.05306,2012,10,14.8838709677419,22.2193548387097,303.64
"Frailes",9.75,-84.05306,2012,11,14.6833333333333,21.73,76.97
"Frailes",9.75,-84.05306,2012,12,14.4516129032258,22.2032258064516,12.02
"Frailes",9.75,-84.05306,2013,1,13.8741935483871,22.6516129032258,5.26
"Frailes",9.75,-84.05306,2013,2,13.7821428571429,23.7785714285714,11.89
"Frailes",9.75,-84.05306,2013,3,14.3838709677419,24.1870967741935,10.27
"Frailes",9.75,-84.05306,2013,4,15.4066666666667,26.0433333333333,114.79
"Frailes",9.75,-84.05306,2013,5,15.3709677419355,24.8129032258065,230.14
"Frailes",9.75,-84.05306,2013,6,15.3166666666667,23.89,236.42
"Frailes",9.75,-84.05306,2013,7,15.3806451612903,23.6096774193548,66.86
"Frailes",9.75,-84.05306,2013,8,15.0129032258065,23.5129032258065,84.44
"Frailes",9.75,-84.05306,2013,9,15.0733333333333,22.5266666666667,438.93
"Frailes",9.75,-84.05306,2013,10,15.0774193548387,22.9516129032258,424.32
"Frailes",9.75,-84.05306,2013,11,14.7433333333333,22.73,132.13
"Frailes",9.75,-84.05306,2013,12,14.2193548387097,22.4064516129032,9.08
"Frailes",9.75,-84.05306,2014,1,13.7645161290323,22.3741935483871,5.5
"Frailes",9.75,-84.05306,2014,2,13.2821428571429,23.8035714285714,9.62
"Frailes",9.75,-84.05306,2014,3,14.0774193548387,24.9967741935484,1
"Frailes",9.75,-84.05306,2014,4,15.12,25.34,28.83
"Frailes",9.75,-84.05306,2014,5,15.4225806451613,25.0806451612903,294.17
"Frailes",9.75,-84.05306,2014,6,15.97,24.0433333333333,270.14
"Frailes",9.75,-84.05306,2014,7,15.9516129032258,22.8838709677419,102.68
"Frailes",9.75,-84.05306,2014,8,15.1612903225806,23.2483870967742,201.34
"Frailes",9.75,-84.05306,2014,9,14.7166666666667,22.8533333333333,857.59
"Frailes",9.75,-84.05306,2014,10,15.041935483871,22.7322580645161,439.69
"Frailes",9.75,-84.05306,2014,11,14.81,22.5466666666667,65.28
"Frailes",9.75,-84.05306,2014,12,14.4451612903226,21.4870967741935,34.03
"Frailes",9.75,-84.05306,2015,1,13.9064516129032,20.7612903225806,22.29
"Frailes",9.75,-84.05306,2015,2,13.9214285714286,22.4285714285714,35.83
"Frailes",9.75,-84.05306,2015,3,13.7483870967742,23.6096774193548,10.29
"Frailes",9.75,-84.05306,2015,4,15.22,25.43,18.23
"Frailes",9.75,-84.05306,2015,5,15.858064516129,24.458064516129,210.75
"Frailes",9.75,-84.05306,2015,6,16.46,23.7666666666667,216.86
"Frailes",9.75,-84.05306,2015,7,15.7322580645161,23.0451612903226,163.7
"Frailes",9.75,-84.05306,2015,8,16.1354838709677,24.3838709677419,45.59
"Frailes",9.75,-84.05306,2015,9,15.8733333333333,24,227.08
"Frailes",9.75,-84.05306,2015,10,15.6967741935484,23.4806451612903,267.61
"Frailes",9.75,-84.05306,2015,11,15.4033333333333,23.3733333333333,201.47
"Frailes",9.75,-84.05306,2015,12,15.7064516129032,23.4225806451613,16.6
"Frailes",9.75,-84.05306,2016,1,14.5322580645161,23.3096774193548,2.8
"Frailes",9.75,-84.05306,2016,2,14.2103448275862,22.8344827586207,4.6
"Frailes",9.75,-84.05306,2016,3,15.4451612903226,26.4516129032258,4.6
"Frailes",9.75,-84.05306,2016,4,15.6766666666667,25.44,139.8
"Frailes",9.75,-84.05306,2016,5,16.3677419354839,24.8064516129032,151.2
"Frailes",9.75,-84.05306,2016,6,15.91,23.5433333333333,140.2
"Frailes",9.75,-84.05306,2016,7,15.7387096774194,23.5096774193548,57.2
"Frailes",9.75,-84.05306,2016,8,15.741935483871,23.6387096774194,163.2
"Frailes",9.75,-84.05306,2016,9,15.57,23.41,198
"Frailes",9.75,-84.05306,2016,10,15.6709677419355,23.4096774193548,398.2
"Frailes",9.75,-84.05306,2016,11,15.4933333333333,22.59,154.6
"Frailes",9.75,-84.05306,2016,12,14.8225806451613,22.3741935483871,78
"Frailes",9.75,-84.05306,2017,1,13.6258064516129,22.4032258064516,24
"Frailes",9.75,-84.05306,2017,2,13.7928571428571,23.1464285714286,6.4
"Frailes",9.75,-84.05306,2017,3,14.0741935483871,24.4451612903226,1.4
"Frailes",9.75,-84.05306,2017,4,15.52,25.9133333333333,85.6
"Frailes",9.75,-84.05306,2017,5,16.041935483871,24.4612903225806,440.8
"Frailes",9.75,-84.05306,2017,6,15.91,23.8666666666667,253.2
"Frailes",9.75,-84.05306,2017,7,15.9483870967742,24.1548387096774,110.4
"Frailes",9.75,-84.05306,2017,8,15.7322580645161,24.6838709677419,145.6
"Frailes",9.75,-84.05306,2017,9,15.5733333333333,23.92,472
"Frailes",9.75,-84.05306,2017,10,15.7,23.1129032258065,401
"Frailes",9.75,-84.05306,2017,11,15.1766666666667,22.98,50.8
"Frailes",9.75,-84.05306,2017,12,14.7387096774194,22.6967741935484,21.4
"Frailes",9.75,-84.05306,2018,1,14.9806451612903,22.1612903225806,19.4
"Frailes",9.75,-84.05306,2018,2,13.8428571428571,23.7035714285714,4.2
"Frailes",9.75,-84.05306,2018,3,14.6354838709677,26.2612903225806,0.4
"Frailes",9.75,-84.05306,2018,4,15.81,26.78,44
"Frailes",9.75,-84.05306,2018,5,16.2935483870968,25.7677419354839,302
"Frailes",9.75,-84.05306,2018,6,16.5366666666667,25.0733333333333,227.2
"Frailes",9.75,-84.05306,2018,7,16.4193548387097,24.1064516129032,98.4
"Frailes",9.75,-84.05306,2018,8,16.3161290322581,24.9096774193548,53.4
"Frailes",9.75,-84.05306,2018,9,16.0566666666667,25,288.2
"Frailes",9.75,-84.05306,2018,10,15.9354838709677,23.241935483871,171
"Frailes",9.75,-84.05306,2018,11,16.2166666666667,24.4366666666667,46.6
"Frailes",9.75,-84.05306,2018,12,14.7870967741935,23.3451612903226,6.2
"Frailes",9.75,-84.05306,2019,1,14.3709677419355,23.9129032258065,0.8
"Frailes",9.75,-84.05306,2019,2,14.7785714285714,25.7571428571429,3
"Frailes",9.75,-84.05306,2019,3,14.941935483871,26.2451612903226,2.6
"Frailes",9.75,-84.05306,2019,4,16.0466666666667,27.3333333333333,28.2
"Frailes",9.75,-84.05306,2019,5,16.9645161290323,25.558064516129,316.6
"Frailes",9.75,-84.05306,2019,6,17.18,25.9333333333333,113.8
"Frailes",9.75,-84.05306,2019,7,16.5451612903226,25.6870967741935,47
"Frailes",9.75,-84.05306,2019,8,16.7032258064516,24.8741935483871,90.4
"Frailes",9.75,-84.05306,2019,9,16.29,24.4233333333333,112.4
"Frailes",9.75,-84.05306,2019,10,15.8741935483871,23.4903225806452,186.2
"Frailes",9.75,-84.05306,2019,11,16.1533333333333,24.1533333333333,21.8
"Frailes",9.75,-84.05306,2019,12,16.0161290322581,23.9483870967742,5.8
"San Carlos",9.62661,-84.09163,2011,1,14.9903225806452,22.1903225806452,41.2
"San Carlos",9.62661,-84.09163,2011,2,15.1214285714286,23.1892857142857,16.8
"San Carlos",9.62661,-84.09163,2011,3,14.9709677419355,23.4677419354839,31.2
"San Carlos",9.62661,-84.09163,2011,4,15.64,23.23,45.6
"San Carlos",9.62661,-84.09163,2011,5,16.1548387096774,23.2129032258064,222
"San Carlos",9.62661,-84.09163,2011,6,16.01,22.42,269.6
"San Carlos",9.62661,-84.09163,2011,7,15.6806451612903,22.0870967741935,437.8
"San Carlos",9.62661,-84.09163,2011,8,19.058,19.058,385.3
"San Carlos",9.62661,-84.09163,2011,9,15.5666666666667,22.6533333333333,310.6
"San Carlos",9.62661,-84.09163,2011,10,15.2166666666667,20.4866666666667,677.8
"San Carlos",9.62661,-84.09163,2011,11,15.2866666666667,21.83,115.8
"San Carlos",9.62661,-84.09163,2011,12,15.2967741935484,22.2483870967742,40
"San Carlos",9.62661,-84.09163,2012,1,14.6774193548387,23.6709677419355,1.4
"San Carlos",9.62661,-84.09163,2012,2,14.9137931034483,24.7034482758621,5.6
"San Carlos",9.62661,-84.09163,2012,3,16.0741935483871,26.2193548387097,11.8
"San Carlos",9.62661,-84.09163,2012,4,15.82,24.1766666666667,232.2
"San Carlos",9.62661,-84.09163,2012,5,16.1096774193548,23.8645161290323,278.8
"San Carlos",9.62661,-84.09163,2012,6,15.9533333333333,23.66,225.4
"San Carlos",9.62661,-84.09163,2012,7,15.9451612903226,23.5451612903226,276.2
"San Carlos",9.62661,-84.09163,2012,8,14.3387096774194,23.0129032258065,289.8
"San Carlos",9.62661,-84.09163,2012,9,18.1833333333333,18.1833333333333,362.6
"San Carlos",9.62661,-84.09163,2012,10,15.4741935483871,22.6129032258065,410
"San Carlos",9.62661,-84.09163,2012,11,15.6233333333333,23.0633333333333,64.6
"San Carlos",9.62661,-84.09163,2012,12,15.4677419354839,23.8903225806452,12.2
"San Carlos",9.62661,-84.09163,2013,1,15.5322580645161,25.2741935483871,19
"San Carlos",9.62661,-84.09163,2013,2,15.3107142857143,25.6357142857143,8.8
"San Carlos",9.62661,-84.09163,2013,3,16.3258064516129,26.6677419354839,10
"San Carlos",9.62661,-84.09163,2013,4,16.3233333333333,25.4433333333333,124.2
"San Carlos",9.62661,-84.09163,2013,5,15.9161290322581,24.3548387096774,291.2
"San Carlos",9.62661,-84.09163,2013,6,15.68,23.7933333333333,362.8
"San Carlos",9.62661,-84.09163,2013,7,15.5548387096774,23.5741935483871,199.2
"San Carlos",9.62661,-84.09163,2013,8,15.2709677419355,23.741935483871,243.6
"San Carlos",9.62661,-84.09163,2013,9,15.54,23.8666666666667,461.4
"San Carlos",9.62661,-84.09163,2013,10,15.2806451612903,24.0709677419355,605.6
"San Carlos",9.62661,-84.09163,2013,11,14.9766666666667,23.3266666666667,134.8
"San Carlos",9.62661,-84.09163,2013,12,14.8838709677419,24.5,4.8
"San Carlos",9.62661,-84.09163,2014,1,15.1774193548387,25.3774193548387,9.2
"San Carlos",9.62661,-84.09163,2014,2,15.0214285714286,25.9357142857143,2
"San Carlos",9.62661,-84.09163,2014,3,15.4322580645161,26.3129032258065,43.8
"San Carlos",9.62661,-84.09163,2014,4,16.2033333333333,26.01,85.6
"San Carlos",9.62661,-84.09163,2014,5,16.0032258064516,24.7161290322581,243.4
"San Carlos",9.62661,-84.09163,2014,6,16.448,24.996,281.2
"San Carlos",9.62661,-84.09163,2014,7,16.7387096774194,25.0838709677419,92
"San Carlos",9.62661,-84.09163,2014,8,15.7354838709677,23.6870967741935,227
"San Carlos",9.62661,-84.09163,2014,9,15.45,23.9733333333333,562.4
"San Carlos",9.62661,-84.09163,2014,10,15.7645161290323,23.7483870967742,474.4
"San Carlos",9.62661,-84.09163,2014,11,15.68,23.6033333333333,196.8
"San Carlos",9.62661,-84.09163,2014,12,15.958064516129,23.2709677419355,37.6
"San Carlos",9.62661,-84.09163,2015,1,16.0774193548387,24.1935483870968,0.4
"San Carlos",9.62661,-84.09163,2015,2,15.7535714285714,24.6107142857143,19.6
"San Carlos",9.62661,-84.09163,2015,3,15.9806451612903,24.7967741935484,3.2
"San Carlos",9.62661,-84.09163,2015,4,16.38,25.1833333333333,36.8
"San Carlos",9.62661,-84.09163,2015,5,16.8884615384615,23.9653846153846,166.4
"San Carlos",9.62661,-84.09163,2015,6,17.0533333333333,23.9666666666667,195.8
"San Carlos",9.62661,-84.09163,2015,7,16.5290322580645,23.0741935483871,129.4
"San Carlos",9.62661,-84.09163,2015,8,16.5709677419355,23.2903225806452,137.4
"San Carlos",9.62661,-84.09163,2015,9,16.1066666666667,23.3133333333333,315.8
"San Carlos",9.62661,-84.09163,2015,10,16.1217391304348,23.2913043478261,269
"San Carlos",9.62661,-84.09163,2015,11,16.08,22.52,338
"San Carlos",9.62661,-84.09163,2015,12,16.6516129032258,24.1354838709677,52
"San Carlos",9.62661,-84.09163,2016,1,16.0290322580645,24.2225806451613,18.2
"San Carlos",9.62661,-84.09163,2016,2,16.7310344827586,25.4724137931034,0.2
"San Carlos",9.62661,-84.09163,2016,3,17.158064516129,25.7645161290323,34.2
"San Carlos",9.62661,-84.09163,2016,4,16.8566666666667,24.8566666666667,170
"San Carlos",9.62661,-84.09163,2016,5,16.9290322580645,23.3838709677419,210.6
"San Carlos",9.62661,-84.09163,2016,6,16.0666666666667,22.2966666666667,303
"San Carlos",9.62661,-84.09163,2016,7,16.0387096774194,22.2838709677419,149.8
"San Carlos",9.62661,-84.09163,2016,8,16,22.6870967741935,368.2
"San Carlos",9.62661,-84.09163,2016,9,15.8533333333333,22.5133333333333,311.6
"San Carlos",9.62661,-84.09163,2016,10,15.8709677419355,22.0161290322581,303.4
"San Carlos",9.62661,-84.09163,2016,11,15.9233333333333,21.2366666666667,45.8
"San Carlos",9.62661,-84.09163,2016,12,17.8387096774194,24.5064516129032,111
"San Carlos",9.62661,-84.09163,2017,1,17.5225806451613,25.8387096774194,1
"San Carlos",9.62661,-84.09163,2017,2,17.8178571428571,26.9607142857143,8.2
"San Carlos",9.62661,-84.09163,2017,3,18.3354838709677,27.4354838709677,4.6
"San Carlos",9.62661,-84.09163,2017,4,18.89,26.9,43.2
"San Carlos",9.62661,-84.09163,2017,5,18.8322580645161,24.9129032258065,473.6
"San Carlos",9.62661,-84.09163,2017,6,18.4533333333333,23.8666666666667,357.8
"San Carlos",9.62661,-84.09163,2017,7,18.341935483871,24.2354838709677,303.4
"San Carlos",9.62661,-84.09163,2017,8,18.3451612903226,24.2,348.6
"San Carlos",9.62661,-84.09163,2017,9,18.11,24.1966666666667,564.4
"San Carlos",9.62661,-84.09163,2017,10,18.0612903225806,23.9451612903226,501.2
"San Carlos",9.62661,-84.09163,2017,11,17.92,23.9,152.7
"San Carlos",9.62661,-84.09163,2017,12,17.6967741935484,24.7838709677419,18.2
"San Carlos",9.62661,-84.09163,2018,1,18.0709677419355,25.0967741935484,13.6
"San Carlos",9.62661,-84.09163,2018,2,17.6,26.1464285714286,2.2
"San Carlos",9.62661,-84.09163,2018,3,18.1258064516129,27.458064516129,2.8
"San Carlos",9.62661,-84.09163,2018,4,18.2533333333333,25.1433333333333,116
"San Carlos",9.62661,-84.09163,2018,5,18.3774193548387,24.7935483870968,329.8
"San Carlos",9.62661,-84.09163,2018,6,18.5366666666667,24.22,347
"San Carlos",9.62661,-84.09163,2018,7,18.3290322580645,24.3870967741935,151.2
"San Carlos",9.62661,-84.09163,2018,8,18.0451612903226,24.5677419354839,144.4
"San Carlos",9.62661,-84.09163,2018,9,18.0307692307692,24.6884615384615,336.7
"San Carlos",9.62661,-84.09163,2018,10,17.7548387096774,23.6709677419355,457.6
"San Carlos",9.62661,-84.09163,2018,11,17.9333333333333,24.9433333333333,6
"San Carlos",9.62661,-84.09163,2018,12,17.9838709677419,25.9870967741935,10.6
"San Carlos",9.62661,-84.09163,2019,1,18,26.9870967741935,2.8
"San Carlos",9.62661,-84.09163,2019,2,18.3826086956522,27.5782608695652,12.8
"San Carlos",9.62661,-84.09163,2019,3,18.7935483870968,28.2064516129032,19.2
"San Carlos",9.62661,-84.09163,2019,4,18.8433333333333,26.9,10.2
"San Carlos",9.62661,-84.09163,2019,5,18.8451612903226,25.4709677419355,20.6
"San Carlos",9.62661,-84.09163,2019,6,18.9666666666667,25.6566666666667,138
"San Carlos",9.62661,-84.09163,2019,7,18.4774193548387,24.9806451612903,99.8
"San Carlos",9.62661,-84.09163,2019,8,18.7483870967742,24.9354838709677,150.4
"San Carlos",9.62661,-84.09163,2019,9,18.2366666666667,25.0133333333333,315.6
"San Carlos",9.62661,-84.09163,2019,10,18.0870967741935,24.3516129032258,361.6
"San Carlos",9.62661,-84.09163,2019,11,18.2526315789474,24.6631578947368,44
"San Carlos",9.62661,-84.09163,2019,12,NA,NA,6
"San Lorenzo",9.6414,-84.02354,2014,2,11.125,25.2,0
"San Lorenzo",9.6414,-84.02354,2014,3,12.6096774193548,25.6354838709677,13.6
"San Lorenzo",9.6414,-84.02354,2014,4,14.0633333333333,25.4766666666667,54
"San Lorenzo",9.6414,-84.02354,2014,5,14.4032258064516,24.0774193548387,87.2
"San Lorenzo",9.6414,-84.02354,2014,6,15.29,24.11,267.8
"San Lorenzo",9.6414,-84.02354,2014,7,15.1806451612903,24.541935483871,73.8
"San Lorenzo",9.6414,-84.02354,2014,8,14.2653846153846,22.95,225.8
"San Lorenzo",9.6414,-84.02354,2014,9,14.4538461538462,22.5769230769231,519.6
"San Lorenzo",9.6414,-84.02354,2014,10,14.5612903225806,23.0290322580645,298.4
"San Lorenzo",9.6414,-84.02354,2014,11,14.2933333333333,22.75,3.6
"San Lorenzo",9.6414,-84.02354,2014,12,14.0806451612903,23.2387096774194,0
"San Lorenzo",9.6414,-84.02354,2015,1,14.5516129032258,24.7935483870968,0.6
"San Lorenzo",9.6414,-84.02354,2015,2,13.5857142857143,25.7285714285714,12.8
"San Lorenzo",9.6414,-84.02354,2015,3,14.4064516129032,26.1548387096774,0
"San Lorenzo",9.6414,-84.02354,2015,4,13.91,26.8833333333333,13.8
"San Lorenzo",9.6414,-84.02354,2015,5,15.5290322580645,25.5387096774194,1.6
"San Lorenzo",9.6414,-84.02354,2015,6,16.4433333333333,25.45,0
"San Lorenzo",9.6414,-84.02354,2015,7,15.5935483870968,24.5677419354839,148
"San Lorenzo",9.6414,-84.02354,2015,8,14.8806451612903,24.6645161290323,124.2
"San Lorenzo",9.6414,-84.02354,2015,9,14.6466666666667,24.56,282
"San Lorenzo",9.6414,-84.02354,2015,10,15.1774193548387,24.3451612903226,216.4
"San Lorenzo",9.6414,-84.02354,2015,11,14.65,23.9333333333333,259.6
"San Lorenzo",9.6414,-84.02354,2015,12,14.2451612903226,25.0548387096774,71.6
"San Lorenzo",9.6414,-84.02354,2016,1,13.0451612903226,24.8064516129032,3.2
"San Lorenzo",9.6414,-84.02354,2016,2,15.5413793103448,26.2724137931034,0.8
"San Lorenzo",9.6414,-84.02354,2016,3,14.458064516129,26.5838709677419,11.2
"San Lorenzo",9.6414,-84.02354,2016,4,14.94,25.6133333333333,144.4
"San Lorenzo",9.6414,-84.02354,2016,5,15.7451612903226,24.4838709677419,136
"San Lorenzo",9.6414,-84.02354,2016,6,14.8933333333333,23.4433333333333,253.8
"San Lorenzo",9.6414,-84.02354,2016,7,14.8387096774194,23.241935483871,130.2
"San Lorenzo",9.6414,-84.02354,2016,8,14.8,23.5806451612903,283.6
"San Lorenzo",9.6414,-84.02354,2016,9,14.55,23.5833333333333,236.8
"San Lorenzo",9.6414,-84.02354,2016,10,15.0225806451613,23.2870967741935,360.2
"San Lorenzo",9.6414,-84.02354,2016,11,15.13,22.53,220.2
"San Lorenzo",9.6414,-84.02354,2016,12,14.1612903225806,23.1193548387097,85.8
"San Lorenzo",9.6414,-84.02354,2017,1,12.2935483870968,24.2290322580645,2.2
"San Lorenzo",9.6414,-84.02354,2017,2,13.1714285714286,25.4571428571429,1.8
"San Lorenzo",9.6414,-84.02354,2017,3,14.2,25.8933333333333,5.6
"San Lorenzo",9.6414,-84.02354,2017,4,14.27,25.7933333333333,150.8
"San Lorenzo",9.6414,-84.02354,2017,5,15.9129032258065,24.0806451612903,434
"San Lorenzo",9.6414,-84.02354,2017,6,15.3266666666667,23.8733333333333,234.8
"San Lorenzo",9.6414,-84.02354,2017,7,14.9258064516129,23.6774193548387,250.2
"San Lorenzo",9.6414,-84.02354,2017,8,14.5870967741935,23.5677419354839,252.6
"San Lorenzo",9.6414,-84.02354,2017,9,14.49,23.48,427.8
"San Lorenzo",9.6414,-84.02354,2017,10,14.8516129032258,23.1193548387097,297
"San Lorenzo",9.6414,-84.02354,2017,11,14.4266666666667,22.76,103.4
"San Lorenzo",9.6414,-84.02354,2017,12,13.7741935483871,23.7354838709677,11.2
"San Lorenzo",9.6414,-84.02354,2018,1,14.558064516129,23.941935483871,20.4
"San Lorenzo",9.6414,-84.02354,2018,2,12.3464285714286,25.1357142857143,5
"San Lorenzo",9.6414,-84.02354,2018,3,12.2096774193548,26.1838709677419,1.8
"San Lorenzo",9.6414,-84.02354,2018,4,13.91,24.4633333333333,146.6
"San Lorenzo",9.6414,-84.02354,2018,5,14.5,23.9290322580645,337.4
"San Lorenzo",9.6414,-84.02354,2018,6,14.78,23.7033333333333,401.6
"San Lorenzo",9.6414,-84.02354,2018,7,14.8064516129032,23.4516129032258,137.6
"San Lorenzo",9.6414,-84.02354,2018,8,14.2125,23.525,140.48
"San Lorenzo",9.6414,-84.02354,2018,9,14.17,23.5533333333333,302.2
"San Lorenzo",9.6414,-84.02354,2018,10,14.0774193548387,22.4967741935484,266.4
"San Lorenzo",9.6414,-84.02354,2018,11,13.7433333333333,23.6033333333333,23.4
"San Lorenzo",9.6414,-84.02354,2018,12,12.6870967741935,24.441935483871,3.6
"San Lorenzo",9.6414,-84.02354,2019,1,12.9193548387097,25.3548387096774,1.4
"San Lorenzo",9.6414,-84.02354,2019,2,12.5807692307692,25.8769230769231,0.6
"San Lorenzo",9.6414,-84.02354,2019,3,14.1967741935484,26.9290322580645,31
"San Lorenzo",9.6414,-84.02354,2019,4,14.1133333333333,25.7866666666667,50.6
"San Lorenzo",9.6414,-84.02354,2019,5,15.7846153846154,24.4076923076923,348.83
"San Lorenzo",9.6414,-84.02354,2019,6,15.05,24.73,168
"San Lorenzo",9.6414,-84.02354,2019,7,14.5290322580645,24.1870967741935,70
"San Lorenzo",9.6414,-84.02354,2019,8,14.5258064516129,24.4096774193548,133.8
"San Lorenzo",9.6414,-84.02354,2019,9,14.08,24.23,256
"San Lorenzo",9.6414,-84.02354,2019,10,13.9548387096774,23.6645161290323,322.2
"San Lorenzo",9.6414,-84.02354,2019,11,13.1866666666667,24.22,36.2
"San Lorenzo",9.6414,-84.02354,2019,12,13.0741935483871,24.5774193548387,9.2
"Dota",9.65056,-83.9575,2013,1,14.158064516129,24.8612903225806,50.2
"Dota",9.65056,-83.9575,2013,2,12.4357142857143,25.6214285714286,5.8
"Dota",9.65056,-83.9575,2013,3,14.5387096774194,26.3806451612903,5.6
"Dota",9.65056,-83.9575,2013,4,13.6533333333333,26.5466666666667,86
"Dota",9.65056,-83.9575,2013,5,13.8322580645161,25.2354838709677,179.8
"Dota",9.65056,-83.9575,2013,6,13.7533333333333,24.6666666666667,158.2
"Dota",9.65056,-83.9575,2013,7,13.9354838709677,24.2870967741935,98.4
"Dota",9.65056,-83.9575,2013,8,13.6096774193548,23.6709677419355,215
"Dota",9.65056,-83.9575,2013,9,13.6566666666667,23.9333333333333,321
"Dota",9.65056,-83.9575,2013,10,13.2548387096774,23.8290322580645,377.8
"Dota",9.65056,-83.9575,2013,11,NA,NA,194
"Dota",9.65056,-83.9575,2013,12,12.3709677419355,24.0806451612903,29.4
"Dota",9.65056,-83.9575,2014,1,13.0387096774194,24.5935483870968,17.2
"Dota",9.65056,-83.9575,2014,2,11.4928571428571,25.875,9.6
"Dota",9.65056,-83.9575,2014,3,12.2903225806452,26.5935483870968,13.8
"Dota",9.65056,-83.9575,2014,4,13.9166666666667,26.26,143.8
"Dota",9.65056,-83.9575,2014,5,13.8096774193548,25.6709677419355,244.2
"Dota",9.65056,-83.9575,2014,6,14.828,25.68,309.4
"Dota",9.65056,-83.9575,2014,7,15.4032258064516,25.3161290322581,123.6
"Dota",9.65056,-83.9575,2014,8,13.7903225806452,24.4870967741935,237.2
"Dota",9.65056,-83.9575,2014,9,13.6533333333333,23.9166666666667,523.4
"Dota",9.65056,-83.9575,2014,10,13.9483870967742,24.2258064516129,330.8
"Dota",9.65056,-83.9575,2014,11,13.7866666666667,24.0633333333333,135.2
"Dota",9.65056,-83.9575,2014,12,14.0645161290323,24.3129032258065,33.6
"Dota",9.65056,-83.9575,2015,1,15.4096774193548,24.0129032258065,4.6
"Dota",9.65056,-83.9575,2015,2,14.0928571428571,25.7642857142857,13.2
"Dota",9.65056,-83.9575,2015,3,14.0387096774194,27.1193548387097,1.8
"Dota",9.65056,-83.9575,2015,4,14.1433333333333,27.66,55.6
"Dota",9.65056,-83.9575,2015,5,14.9548387096774,26.2677419354839,325
"Dota",9.65056,-83.9575,2015,6,15.9966666666667,26.0666666666667,245
"Dota",9.65056,-83.9575,2015,7,15.2387096774194,25.6322580645161,222.4
"Dota",9.65056,-83.9575,2015,8,14.9548387096774,26.3225806451613,84.6
"Dota",9.65056,-83.9575,2015,9,14.1566666666667,25.8466666666667,301.8
"Dota",9.65056,-83.9575,2015,10,14.3193548387097,25.6225806451613,362.6
"Dota",9.65056,-83.9575,2015,11,14.4933333333333,25.13,210
"Dota",9.65056,-83.9575,2015,12,15.9129032258065,26.8709677419355,60.2
"Dota",9.65056,-83.9575,2016,1,14.2548387096774,27.0096774193548,22
"Dota",9.65056,-83.9575,2016,2,15.1965517241379,26.7068965517241,1.2
"Dota",9.65056,-83.9575,2016,3,13.5571428571429,29.6321428571429,4
"Dota",9.65056,-83.9575,2016,4,14.3190476190476,28.9047619047619,101
"Dota",9.65056,-83.9575,2016,5,15.0903225806452,27.1225806451613,250
"Dota",9.65056,-83.9575,2016,6,14.18,25.4866666666667,258.6
"Dota",9.65056,-83.9575,2016,7,14.3967741935484,25.3903225806452,95.4
"Dota",9.65056,-83.9575,2016,8,14.1806451612903,25.5387096774194,234.6
"Dota",9.65056,-83.9575,2016,9,13.8310344827586,24.8827586206897,302
"Dota",9.65056,-83.9575,2016,10,14.1129032258065,24.1548387096774,350.6
"Dota",9.65056,-83.9575,2016,11,14.33,23.18,174.6
"Dota",9.65056,-83.9575,2016,12,14.2516129032258,22.9709677419355,50
"Dota",9.65056,-83.9575,2017,1,13.2967741935484,24.5322580645161,4.8
"Dota",9.65056,-83.9575,2017,2,13.3428571428571,26.0035714285714,2.6
"Dota",9.65056,-83.9575,2017,3,14.5838709677419,26.3516129032258,7
"Dota",9.65056,-83.9575,2017,4,14.39,27.1766666666667,163
"Dota",9.65056,-83.9575,2017,5,14.8032258064516,25.2,406.8
"Dota",9.65056,-83.9575,2017,6,14.46,24.88,326.6
"Dota",9.65056,-83.9575,2017,7,14.2225806451613,24.6,250
"Dota",9.65056,-83.9575,2017,8,14.0129032258065,24.8161290322581,249.4
"Dota",9.65056,-83.9575,2017,9,13.7366666666667,24.32,445.6
"Dota",9.65056,-83.9575,2017,10,14.0677419354839,23.5354838709677,478.6
"Dota",9.65056,-83.9575,2017,11,13.6933333333333,23.41,64.4
"Dota",9.65056,-83.9575,2017,12,14.8032258064516,23.4258064516129,32
"Dota",9.65056,-83.9575,2018,1,15.1612903225806,23.3032258064516,32.8
"Dota",9.65056,-83.9575,2018,2,13.525,24.6928571428571,3.6
"Dota",9.65056,-83.9575,2018,3,12.5806451612903,26.5354838709677,1.2
"Dota",9.65056,-83.9575,2018,4,13.5966666666667,25.1966666666667,106.8
"Dota",9.65056,-83.9575,2018,5,13.6709677419355,24.8032258064516,275.6
"Dota",9.65056,-83.9575,2018,6,14.0466666666667,24.2666666666667,317.8
"Dota",9.65056,-83.9575,2018,7,14.5586206896552,24.3241379310345,113.2
"Dota",9.65056,-83.9575,2018,8,13.6548387096774,23.7903225806452,148.2
"Dota",9.65056,-83.9575,2018,9,13.4133333333333,24.07,306.8
"Dota",9.65056,-83.9575,2018,10,13.2741935483871,23.4193548387097,285.8
"Dota",9.65056,-83.9575,2018,11,13.4033333333333,24.4366666666667,81.6
"Dota",9.65056,-83.9575,2018,12,13.7470588235294,24.7294117647059,5.4
"Dota",9.65056,-83.9575,2019,1,12.7354838709677,25.7193548387097,0.8
"Dota",9.65056,-83.9575,2019,2,12.4964285714286,27.15,9.8
"Dota",9.65056,-83.9575,2019,3,14.1838709677419,27.3612903225806,15.6
"Dota",9.65056,-83.9575,2019,4,13.7366666666667,26.9166666666667,80.6
"Dota",9.65056,-83.9575,2019,5,14.7903225806452,25.0935483870968,324.4
"Dota",9.65056,-83.9575,2019,6,14.5566666666667,25.4233333333333,235.8
"Dota",9.65056,-83.9575,2019,7,14.0615384615385,24.8923076923077,61.8
"Dota",9.65056,-83.9575,2019,8,14.0483870967742,24.3612903225806,125.6
"Dota",9.65056,-83.9575,2019,9,13.5366666666667,23.67,255.4
"Dota",9.65056,-83.9575,2019,10,13.2064516129032,23.2387096774194,350.4
"Dota",9.65056,-83.9575,2019,11,13.3310344827586,24.0827586206897,64
"Dota",9.65056,-83.9575,2019,12,13.4612903225806,24.6322580645161,16.2
