"ST","lat","lon","year","month","TMEAN","RAIN"
1,14.70224,-91.84765,2007,4,25.3260377358491,65.9
1,14.70224,-91.84765,2007,5,25.1838709677419,578
1,14.70224,-91.84765,2007,6,24.8011797362942,628.4
1,14.70224,-91.84765,2007,7,24.4715725806452,338.5
1,14.70224,-91.84765,2007,8,24.1987903225806,728.2
1,14.70224,-91.84765,2007,9,23.7979861111111,725.9
1,14.70224,-91.84765,2007,10,23.3042981867025,726.1
1,14.70224,-91.84765,2007,11,24.6241498959056,36.6
1,14.70224,-91.84765,2007,12,23.9454667562122,21.1
1,14.70224,-91.84765,2008,1,24.0115591397849,9.1
1,14.70224,-91.84765,2008,2,23.9349137931034,98.9
1,14.70224,-91.84765,2008,3,24.548252688172,176
1,14.70224,-91.84765,2008,4,25.044375,384.2
1,14.70224,-91.84765,2008,5,25.1475486903962,267.5
1,14.70224,-91.84765,2008,6,24.2075650118203,300.9
1,14.70224,-91.84765,2008,7,24.0466292134831,575.7
1,14.70224,-91.84765,2008,8,23.9298858294157,670.5
1,14.70224,-91.84765,2008,9,23.9922222222222,641.6
1,14.70224,-91.84765,2008,10,23.8398521505376,382.4
1,14.70224,-91.84765,2008,11,24.2223776223776,51.1
1,14.70224,-91.84765,2008,12,23.9440188172043,31.2
1,14.70224,-91.84765,2009,1,23.8498992612492,25.8
1,14.70224,-91.84765,2009,2,24.2837938760269,8.5
1,14.70224,-91.84765,2009,3,0.0319634703196347,32.1
1,14.70224,-91.84765,2009,4,6.5437717466945,32.2
1,14.70224,-91.84765,2009,5,24.7577284946237,585.8
1,14.70224,-91.84765,2009,6,24.2600971547536,566.6
1,14.70224,-91.84765,2009,7,25.0559139784946,485.1
1,14.70224,-91.84765,2009,8,24.7317204301075,461.2
1,14.70224,-91.84765,2009,9,24.8852185981957,317.2
1,14.70224,-91.84765,2009,10,24.4001344086021,1063.9
1,14.70224,-91.84765,2009,11,24.3000693962526,142.9
1,14.70224,-91.84765,2009,12,24.172311827957,41.7
1,14.70224,-91.84765,2010,1,24.1384408602151,5.7
1,14.70224,-91.84765,2010,2,25.4673605947955,13.7
1,14.70224,-91.84765,2010,3,25.9157258064516,104.5
1,14.70224,-91.84765,2010,4,26.1518055555556,321.9
1,14.70224,-91.84765,2010,5,25.4897246474144,678
1,14.70224,-91.84765,2010,6,24.4133333333333,820.1
1,14.70224,-91.84765,2010,7,24.2867607526882,433.4
1,14.70224,-91.84765,2010,8,24.1341840161182,687.2
1,14.70224,-91.84765,2010,9,23.1904233171409,892.2
1,14.70224,-91.84765,2010,10,24.2639112903226,266.5
1,14.70224,-91.84765,2010,11,23.6500346981263,99.4
1,14.70224,-91.84765,2010,12,22.7627688172043,102.2
1,14.70224,-91.84765,2011,1,23.9784459459459,1.3
1,14.70224,-91.84765,2011,2,23.8855018587361,135
1,14.70224,-91.84765,2011,3,23.8954301075269,122.7
1,14.70224,-91.84765,2011,4,24.5148611111111,350.3
1,14.70224,-91.84765,2011,5,24.9903962390866,789.1
1,14.70224,-91.84765,2011,6,24.8506726457399,31.8
1,14.70224,-91.84765,2011,7,24.0835164835165,411.7
1,14.70224,-91.84765,2011,8,24.1093351242445,1046.8
1,14.70224,-91.84765,2011,9,23.8690277777778,861
1,14.70224,-91.84765,2011,10,23.1443250503694,841.6
1,14.70224,-91.84765,2011,11,24.3121527777778,121.2
1,14.70224,-91.84765,2011,12,23.9887390424815,11.3
1,14.70224,-91.84765,2012,1,24.0498655913979,4.6
1,14.70224,-91.84765,2012,2,24.3898019075569,15.8
1,14.70224,-91.84765,2012,3,24.7396505376344,90.4
1,14.70224,-91.84765,2012,4,25.2811805555556,319.6
1,14.70224,-91.84765,2012,5,25.0115591397849,486.4
1,14.70224,-91.84765,2012,6,24.4334489937543,681.3
1,14.70224,-91.84765,2012,7,24.823185483871,289.9
1,14.70224,-91.84765,2012,8,24.4515456989247,509
1,14.70224,-91.84765,2012,9,24.1695138888889,567.1
1,14.70224,-91.84765,2012,10,23.5581395348837,135.7
1,14.70224,-91.84765,2012,11,24.0790825688073,35.4
1,14.70224,-91.84765,2012,12,23.9497311827957,53.4
1,14.70224,-91.84765,2013,1,24.2719111111111,30.9
1,14.70224,-91.84765,2013,2,25.3695167286245,0
1,14.70224,-91.84765,2013,3,25.160685483871,34.4
1,14.70224,-91.84765,2013,4,25.7270521056388,288.1
1,14.70224,-91.84765,2013,5,23.7256830601093,151.6
1,14.70224,-91.84765,2013,6,24.1913888888889,630.5
1,14.70224,-91.84765,2013,7,24.1530325443787,541.3
1,14.70224,-91.84765,2013,8,23.9893090909091,723.9
1,14.70224,-91.84765,2013,9,23.6924050632911,562.9
1,14.70224,-91.84765,2013,10,23.6519489247312,1345.6
1,14.70224,-91.84765,2013,11,24.0253472222222,182.7
1,14.70224,-91.84765,2013,12,24.1016129032258,193.3
1,14.70224,-91.84765,2014,1,23.9171370967742,0.8
1,14.70224,-91.84765,2014,2,24.0275031685678,20.9
1,14.70224,-91.84765,2014,3,24.9766801075269,85.8
1,14.70224,-91.84765,2014,4,25.4038194444444,234.8
1,14.70224,-91.84765,2014,5,24.6672715053763,709.5
1,14.70224,-91.84765,2014,6,24.4879861111111,544.3
1,14.70224,-91.84765,2014,7,25.4067921990585,273.2
1,14.70224,-91.84765,2014,8,24.4723790322581,423.8
1,14.70224,-91.84765,2014,9,23.8795281054823,782.6
1,14.70224,-91.84765,2014,10,23.642597577389,472.6
1,14.70224,-91.84765,2014,11,24.2631505898681,0.6
1,14.70224,-91.84765,2014,12,24.1067876344086,0
1,14.70224,-91.84765,2015,1,24.1716397849462,0
1,14.70224,-91.84765,2015,2,24.4221726190476,0
1,14.70224,-91.84765,2015,3,24.6913920645595,0
1,14.70224,-91.84765,2015,4,25.5899305555556,32.4
1,14.70224,-91.84765,2015,5,25.1608870967742,347.2
1,14.70224,-91.84765,2015,6,25.436641221374,318.3
1,14.70224,-91.84765,2015,7,24.9781586021505,34.3
1,14.70224,-91.84765,2015,8,25.1663306451613,385.7
1,14.70224,-91.84765,2015,9,24.3423611111111,821.1
1,14.70224,-91.84765,2015,10,24.4060483870968,527.1
1,14.70224,-91.84765,2015,11,24.4474305555556,401.2
1,14.70224,-91.84765,2015,12,25.073252688172,192.5
1,14.70224,-91.84765,2016,1,24.5236559139785,18.7
1,14.70224,-91.84765,2016,2,24.7848528356066,0.3
1,14.70224,-91.84765,2016,3,25.7344086021505,0
1,14.70224,-91.84765,2016,4,26.2645833333333,0.5
1,14.70224,-91.84765,2016,5,25.6146505376344,1.7
1,14.70224,-91.84765,2016,6,24.1725190839695,262.8
1,14.70224,-91.84765,2016,7,25.0582661290323,126.2
1,14.70224,-91.84765,2016,8,24.7674949630625,407.8
1,14.70224,-91.84765,2016,9,24.2092297015961,669.5
1,14.70224,-91.84765,2016,10,23.9319220430108,481.7
1,14.70224,-91.84765,2016,11,24.0532638888889,439.6
1,14.70224,-91.84765,2016,12,24.3338521400778,10.6
1,14.70224,-91.84765,2017,1,23.8829573934837,7.6
1,14.70224,-91.84765,2017,2,24.4965773809524,5.4
1,14.70224,-91.84765,2017,3,24.6616935483871,53.3
1,14.70224,-91.84765,2017,4,25.4857638888889,0.7
1,14.70224,-91.84765,2017,5,25.1758574310693,518.4
1,14.70224,-91.84765,2017,6,24.3095833333333,685.8
1,14.70224,-91.84765,2017,7,24.7133064516129,443.1
1,14.70224,-91.84765,2017,8,24.5210349462366,527
1,14.70224,-91.84765,2017,9,31.8858453473132,171.3
1,14.70224,-91.84765,2017,10,44.597311827957,350.6
1,14.70224,-91.84765,2017,11,43.9508333333333,117.5
1,14.70224,-91.84765,2017,12,44.3414728682171,0
1,14.70224,-91.84765,2018,1,45.2852822580645,7.7
1,14.70224,-91.84765,2018,2,44.1732886904762,15.7
1,14.70224,-91.84765,2018,3,42.804435483871,90.5
1,14.70224,-91.84765,2018,4,43.8088950660181,419.8
1,14.70224,-91.84765,2018,5,39.9207012811868,765.1
1,14.70224,-91.84765,2018,6,24.6749131341209,415.3
1,14.70224,-91.84765,2018,7,25.2934095494284,276.5
1,14.70224,-91.84765,2018,8,25.0833221250841,448.7
1,14.70224,-91.84765,2018,9,24.3664350243224,575.7
1,14.70224,-91.84765,2018,10,24.1022864828514,588.8
1,14.70224,-91.84765,2018,11,25.202362751911,190
1,14.70224,-91.84765,2018,12,24.4143241425689,87.8
1,14.70224,-91.84765,2019,1,24.1678547410894,92.3
1,14.70224,-91.84765,2019,2,24.7057334326136,61.1
1,14.70224,-91.84765,2019,3,25.281708137189,71
1,14.70224,-91.84765,2019,4,26.2045170257123,92.7
1,14.70224,-91.84765,2019,5,25.1996637525219,647.9
1,14.70224,-91.84765,2019,6,25.4959694232106,452.2
1,14.70224,-91.84765,2019,7,25.3397444519166,324.5
1,14.70224,-91.84765,2019,8,25.0351714862139,614.1
1,14.70224,-91.84765,2019,9,24.5371091035441,506.5
1,14.70224,-91.84765,2019,10,23.8896435776732,849.4
1,14.70224,-91.84765,2019,11,22.8016678248784,89.8
1,14.70224,-91.84765,2019,12,25.0312037659718,56.9
1,14.70224,-91.84765,2020,1,24.6949562878278,29.1
101,14.42785,-90.51967,2017,6,18.7067789100576,202.3
101,14.42785,-90.51967,2017,7,19.2521416526138,344.2
101,14.42785,-90.51967,2017,8,18.9268530997305,119.8
101,14.42785,-90.51967,2017,9,19.0540709812109,194.9
101,14.42785,-90.51967,2017,10,17.7391111111111,27.5
101,14.42785,-90.51967,2017,12,16.5480717185386,11.1
101,14.42785,-90.51967,2018,1,15.5264348413234,0.2
101,14.42785,-90.51967,2018,2,17.4301492537313,0
101,14.42785,-90.51967,2018,3,18.315846257586,3.8
101,14.42785,-90.51967,2018,4,18.3242403073699,49.5
101,14.42785,-90.51967,2018,5,19.3299932523617,268.2
101,14.42785,-90.51967,2018,6,18.5074912891986,160.5
101,14.42785,-90.51967,2018,7,19.5144605183846,54.58
101,14.42785,-90.51967,2018,8,18.6639080856945,350.48
101,14.42785,-90.51967,2018,9,18.5358312387792,336.54
101,14.42785,-90.51967,2018,10,18.0870692194404,218.06
101,14.42785,-90.51967,2018,11,18.1266986837424,35.77
101,14.42785,-90.51967,2018,12,16.1327204116638,2.28
101,14.42785,-90.51967,2019,1,16.4008068872384,33.7
101,14.42785,-90.51967,2019,2,17.7243699731903,3.84
101,14.42785,-90.51967,2019,3,18.3656245181187,0.25
101,14.42785,-90.51967,2019,4,18.9066162162162,21.02
101,14.42785,-90.51967,2019,5,19.8278661087866,112.03
101,14.42785,-90.51967,2019,6,19.7297003745318,287.54
101,14.42785,-90.51967,2019,7,19.2987147766323,108.32
101,14.42785,-90.51967,2019,8,19.0213510675534,395.75
101,14.42785,-90.51967,2019,9,18.6871133200795,259.3
101,14.42785,-90.51967,2019,10,18.1826534170153,229.7
101,14.42785,-90.51967,2019,11,18.090900209351,21.31
101,14.42785,-90.51967,2019,12,16.8902228224173,28.65
101,14.42785,-90.51967,2020,1,16.9321865176388,1.25
101,14.42785,-90.51967,2020,2,17.3046812080537,0.5
102,14.64591,-91.1196,2017,7,16.3890598290598,36.57
102,14.64591,-91.1196,2017,8,17.012084317032,175.35
102,14.64591,-91.1196,2017,9,16.5979086789822,324.33
102,14.64591,-91.1196,2017,10,16.7378980667838,172.17
102,14.64591,-91.1196,2018,1,15.3593191489362,0
102,14.64591,-91.1196,2018,2,15.9963514018692,4.05
102,14.64591,-91.1196,2018,3,16.5948418573351,14.71
102,14.64591,-91.1196,2018,4,15.4698252427184,7.09
102,14.64591,-91.1196,2018,5,20.5678130511464,0
102,14.64591,-91.1196,2018,6,18.7510076441974,0
102,14.64591,-91.1196,2018,7,20.6009592326139,0
102,14.64591,-91.1196,2018,8,17.4105310129407,0
102,14.64591,-91.1196,2018,9,16.9436781609195,0
102,14.64591,-91.1196,2018,10,16.4099425093,0
102,14.64591,-91.1196,2018,11,16.708362369338,0
102,14.64591,-91.1196,2018,12,15.6023929895517,0
102,14.64591,-91.1196,2019,1,15.6101366742597,0
102,14.64591,-91.1196,2019,3,16.7977385971637,0
102,14.64591,-91.1196,2019,4,16.8574216027875,0
102,14.64591,-91.1196,2019,5,17.1010101010101,0
102,14.64591,-91.1196,2019,6,17.5115987460815,2.2
102,14.64591,-91.1196,2019,7,17.4420210333791,0.8
102,14.64591,-91.1196,2019,8,17.1131827376939,1.5
102,14.64591,-91.1196,2019,9,16.759993024067,7.3
102,14.64591,-91.1196,2019,10,16.0449978894048,0.2
102,14.64591,-91.1196,2019,11,16.6663880181122,1
102,14.64591,-91.1196,2019,12,16.0605937921727,0.8
102,14.64591,-91.1196,2020,1,16.6038488952245,0.9
106,14.68998,-91.70921,2017,2,21.5249343832021,5.6
106,14.68998,-91.70921,2017,3,22.1987231182796,168.1
106,14.68998,-91.70921,2017,4,22.6251388888889,349
106,14.68998,-91.70921,2017,5,22.3233198924731,822.2
106,14.68998,-91.70921,2017,6,21.4900694444444,855.7
106,14.68998,-91.70921,2017,7,22.0663306451613,89.3
106,14.68998,-91.70921,2017,8,22.0137768817204,0.6
106,14.68998,-91.70921,2017,9,21.8151388888889,638.1
106,14.68998,-91.70921,2017,10,21.8742607526882,501.2
106,14.68998,-91.70921,2017,11,22.4061111111111,112.8
106,14.68998,-91.70921,2017,12,22.4485887096774,33.6
106,14.68998,-91.70921,2018,1,21.9232010759919,42.6
106,14.68998,-91.70921,2018,2,22.3280714817573,6.6
106,14.68998,-91.70921,2018,3,22.8959650302623,123
106,14.68998,-91.70921,2018,4,22.2744266851981,174.4
106,14.68998,-91.70921,2018,5,22.0239408204438,698
106,14.68998,-91.70921,2018,6,21.9432939541348,424.9
106,14.68998,-91.70921,2018,7,22.5078009414929,411.4
106,14.68998,-91.70921,2018,8,22.2021519838601,642.9
106,14.68998,-91.70921,2018,9,21.851424600417,765.5
106,14.68998,-91.70921,2018,10,21.6734364492266,514.2
106,14.68998,-91.70921,2018,11,22.7375260597637,264.7
106,14.68998,-91.70921,2018,12,21.9054472091459,49.3
106,14.68998,-91.70921,2019,1,21.7745625841184,55.5
106,14.68998,-91.70921,2019,2,22.2112434847357,36.7
106,14.68998,-91.70921,2019,3,22.5523201075992,42.8
106,14.68998,-91.70921,2019,4,23.0898540653231,61.3
106,14.68998,-91.70921,2019,6,22.5358582348853,692
106,14.68998,-91.70921,2019,7,22.3147276395427,370.1
106,14.68998,-91.70921,2019,8,22.2578345662408,721
106,14.68998,-91.70921,2019,9,22.0107713690063,519.5
106,14.68998,-91.70921,2019,10,21.4555211835911,936.98
106,14.68998,-91.70921,2019,11,22.7439888811675,142.3
106,14.68998,-91.70921,2019,12,22.7626092804304,22.5
106,14.68998,-91.70921,2020,1,22.6455951580363,57.1
109,14.5722,-90.69369,2017,10,16.0308848080134,5
109,14.5722,-90.69369,2017,11,15.6764236111111,2.8
109,14.5722,-90.69369,2017,12,15.0735887096774,1.1
109,14.5722,-90.69369,2018,1,14.0213445378151,2
109,14.5722,-90.69369,2018,2,15.9253101736973,1.1
109,14.5722,-90.69369,2018,3,17.9231289640592,3.3
109,14.5722,-90.69369,2018,4,17.7395970823203,22.8
109,14.5722,-90.69369,2018,5,18.0918436130772,381.6
109,14.5722,-90.69369,2018,6,16.9547412295936,155.9
109,14.5722,-90.69369,2018,7,17.663731092437,29.9
109,14.5722,-90.69369,2018,8,17.5127101546738,133.1
109,14.5722,-90.69369,2018,9,17.3468033356498,110.4
109,14.5722,-90.69369,2018,10,16.595731092437,146.7
109,14.5722,-90.69369,2018,11,16.6541854810698,5.7
109,14.5722,-90.69369,2018,12,16.4907172995781,1.4
109,14.5722,-90.69369,2019,1,15.3777478991597,2.9
109,14.5722,-90.69369,2019,2,16.8844436174172,4.4
109,14.5722,-90.69369,2019,3,17.2438130464022,0
109,14.5722,-90.69369,2019,4,18.6193122612018,2.4
109,14.5722,-90.69369,2019,5,18.6934117647059,87.3
109,14.5722,-90.69369,2019,6,18.6189301840917,60.5
109,14.5722,-90.69369,2019,7,18.1893445378151,81.1
109,14.5722,-90.69369,2019,8,18.0006722689076,215.1
109,14.5722,-90.69369,2019,9,17.506738450851,234.6
109,14.5722,-90.69369,2019,10,16.9268235294118,184.5
109,14.5722,-90.69369,2019,11,16.3842653699201,1
109,14.5722,-90.69369,2019,12,15.9354741089442,0.6
109,14.5722,-90.69369,2020,1,15.6994966442953,0.2
112,14.54498,-90.39896,2017,12,14.847448657188,7.61
112,14.54498,-90.39896,2018,1,13.6487163978495,4.04
112,14.54498,-90.39896,2018,2,15.7344866071429,5.56
112,14.54498,-90.39896,2018,3,17.0177419354839,22.31
112,14.54498,-90.39896,2018,4,17.2441417651147,59.88
112,14.54498,-90.39896,2018,5,17.91123066577,232.26
112,14.54498,-90.39896,2018,6,16.9967616400278,318.72
112,14.54498,-90.39896,2018,7,17.5435238735709,79.46
112,14.54498,-90.39896,2018,8,17.1588433086752,251.87
112,14.54498,-90.39896,2018,9,17.2285684503127,253.55
112,14.54498,-90.39896,2018,10,16.5822326832549,174.68
112,14.54498,-90.39896,2018,11,16.4791799861015,24.09
112,14.54498,-90.39896,2018,12,15.1835642232683,5.31
112,14.54498,-90.39896,2019,1,15.0109952925353,0
112,14.54498,-90.39896,2019,2,15.7065868263473,0
112,14.54498,-90.39896,2019,4,17.956309255079,58.14
112,14.54498,-90.39896,2019,5,18.246789380531,169.99
112,14.54498,-90.39896,2019,6,18.2169395562357,276.65
112,14.54498,-90.39896,2019,7,17.9039098481137,47.95
112,14.54498,-90.39896,2019,8,17.8175351123596,191.53
112,14.54498,-90.39896,2019,9,17.5237411862298,228.42
112,14.54498,-90.39896,2019,10,16.7422429906542,480.92
112,14.54498,-90.39896,2019,11,16.1767327168648,27.37
112,14.54498,-90.39896,2019,12,15.6002596515203,1.5
112,14.54498,-90.39896,2020,1,15.7882544071898,6.77
112,14.54498,-90.39896,2020,2,16.7369372384937,3.79
115,14.53093,-90.98682,2018,3,20.0762264150943,26
115,14.53093,-90.98682,2018,4,19.2520500347464,69.9
115,14.53093,-90.98682,2018,5,18.9826496301278,462
115,14.53093,-90.98682,2018,6,18.7874913134121,357.3
115,14.53093,-90.98682,2018,7,21.0942837928716,30.4
115,14.53093,-90.98682,2018,8,20.0542030934768,153.9
115,14.53093,-90.98682,2018,9,19.2188456189152,178.8
115,14.53093,-90.98682,2018,10,18.9671822461332,148.6
115,14.53093,-90.98682,2018,11,19.7149409312022,22.3
115,14.53093,-90.98682,2018,12,18.7068594485541,4.6
115,14.53093,-90.98682,2019,1,19.015400134499,4.4
115,14.53093,-90.98682,2019,2,18.9013402829486,35.6
115,14.53093,-90.98682,2019,3,19.911768661735,3
115,14.53093,-90.98682,2019,4,19.7555246699097,173.7
115,14.53093,-90.98682,2019,5,19.5392064559516,183.4
115,14.53093,-90.98682,2019,6,20.0306462821404,299
115,14.53093,-90.98682,2019,7,20.5525218560861,117.5
115,14.53093,-90.98682,2019,8,19.8182246133154,198.2
115,14.53093,-90.98682,2019,9,19.2412786657401,233.4
115,14.53093,-90.98682,2019,10,18.4827168796234,491.1
115,14.53093,-90.98682,2019,11,19.8082696316887,36.1
115,14.53093,-90.98682,2019,12,19.3479488903833,0
115,14.53093,-90.98682,2020,1,19.9811704834606,0.4
132,15.02279,-92.02667,2018,9,17.555044345898,447.3
132,15.02279,-92.02667,2018,10,17.3609395973154,123.2
132,15.02279,-92.02667,2018,11,17.73223341438,183.8
132,15.02279,-92.02667,2018,12,16.6564705882353,75.9
132,15.02279,-92.02667,2019,1,16.3166722689076,19
132,15.02279,-92.02667,2019,2,16.9343133606252,36.2
132,15.02279,-92.02667,2019,3,17.4836974789916,17.1
132,15.02279,-92.02667,2019,4,18.0479680444599,67.8
132,15.02279,-92.02667,2019,5,18.0868907563025,441.1
132,15.02279,-92.02667,2019,6,18.342931573463,625.4
132,15.02279,-92.02667,2019,7,18.1437777020116,256.6
132,15.02279,-92.02667,2019,8,17.9151260504202,533.7
132,15.02279,-92.02667,2019,9,17.516776658562,347.8
132,15.02279,-92.02667,2019,10,17.0645042016807,982.5
132,15.02279,-92.02667,2019,11,17.7243139979159,75.9
132,15.02279,-92.02667,2019,12,17.5711372277912,3.5
132,15.02279,-92.02667,2020,1,17.7766125290023,94.1
133,14.88706,-91.94611,2018,9,21.6302449324324,378.45
133,14.88706,-91.94611,2018,10,21.2060476367696,660.54
133,14.88706,-91.94611,2018,11,22.2736415565869,336.44
133,14.88706,-91.94611,2018,12,21.3061984044398,113.95
133,14.88706,-91.94611,2019,1,21.2879964349376,81.51
133,14.88706,-91.94611,2019,2,21.7136889409926,59.86
133,14.88706,-91.94611,2019,3,22.3639420180723,38.76
133,14.88706,-91.94611,2019,4,22.886764599202,115.95
133,14.88706,-91.94611,2019,5,22.2754897176717,715.65
133,14.88706,-91.94611,2019,6,22.2491663760028,667.2
133,14.88706,-91.94611,2019,7,22.2755693508336,223.83
133,14.88706,-91.94611,2019,8,22.0258909853249,459.73
133,14.88706,-91.94611,2019,9,21.7250585858586,371
133,14.88706,-91.94611,2019,10,20.9617193469955,955.68
133,14.88706,-91.94611,2019,11,22.2845052264808,144.8
133,14.88706,-91.94611,2019,12,22.0501417482281,24.7
133,14.88706,-91.94611,2020,1,21.7797171438427,86.29
133,14.88706,-91.94611,2020,2,22.0476430976431,1.77
16,14.78257,-91.71451,2007,5,19.4545325779037,307.1
16,14.78257,-91.71451,2007,6,18.9823039555864,576
16,14.78257,-91.71451,2007,7,18.8256048387097,365.8
16,14.78257,-91.71451,2007,8,18.5555107526882,429.2
16,14.78257,-91.71451,2007,9,18.1752491694352,208.1
16,14.78257,-91.71451,2007,10,17.7077683615819,582.7
16,14.78257,-91.71451,2007,11,18.6120138888889,35.7
16,14.78257,-91.71451,2007,12,17.4565860215054,20.5
16,14.78257,-91.71451,2008,1,17.9198252688172,32.5
16,14.78257,-91.71451,2008,2,17.3389367816092,107.4
16,14.78257,-91.71451,2008,3,17.9114170584285,80.1
16,14.78257,-91.71451,2008,4,18.8028472222222,104.9
16,14.78257,-91.71451,2008,5,18.9950940860215,226.2
16,14.78257,-91.71451,2008,6,18.4868147120056,660.9
16,14.78257,-91.71451,2008,7,18.275,391.8
16,14.78257,-91.71451,2008,8,18.4217741935484,337.9
16,14.78257,-91.71451,2008,9,18.7574305555556,566.9
16,14.78257,-91.71451,2008,10,18.7688844086022,262.5
16,14.78257,-91.71451,2008,11,4.69447092469018,97.5
16,14.78257,-91.71451,2008,12,0,37.2
16,14.78257,-91.71451,2009,1,0,12.3
16,14.78257,-91.71451,2009,2,0,0.3
16,14.78257,-91.71451,2009,4,0,0
16,14.78257,-91.71451,2009,5,18.9227985524729,307.2
16,14.78257,-91.71451,2009,6,18.3673837612769,784.5
16,14.78257,-91.71451,2009,7,19.1707661290323,213.3
16,14.78257,-91.71451,2009,8,18.9551747311828,176.5
16,14.78257,-91.71451,2009,9,18.7936111111111,366.9
16,14.78257,-91.71451,2009,10,18.3419073203492,289.1
16,14.78257,-91.71451,2009,11,17.7482638888889,140.3
16,14.78257,-91.71451,2009,12,17.3224983210208,62
16,14.78257,-91.71451,2010,1,17.4711215580927,32.1
16,14.78257,-91.71451,2010,2,18.3909293680297,104.5
16,14.78257,-91.71451,2010,3,18.6700940860215,169.4
16,14.78257,-91.71451,2010,4,19.2303472222222,354.9
16,14.78257,-91.71451,2010,5,19.5625923438549,650.8
16,14.78257,-91.71451,2010,6,18.9774305555556,577
16,14.78257,-91.71451,2010,8,18.2767295597484,122.7
16,14.78257,-91.71451,2010,9,17.9752083333333,798.5
16,14.78257,-91.71451,2010,10,17.9755540631296,197.6
16,14.78257,-91.71451,2010,11,17.0330090340514,145.2
16,14.78257,-91.71451,2010,12,16.3390194761585,15.6
16,14.78257,-91.71451,2011,1,17.6786290322581,17.5
16,14.78257,-91.71451,2011,2,17.3869144981413,54.9
16,14.78257,-91.71451,2011,3,17.4924731182796,57.5
16,14.78257,-91.71451,2011,4,18.3363194444444,175.5
16,14.78257,-91.71451,2011,5,19.3351242444594,202.1
16,14.78257,-91.71451,2011,6,18.5923611111111,459.8
16,14.78257,-91.71451,2011,7,18.3708529214238,482.3
16,14.78257,-91.71451,2011,8,18.5069892473118,425.5
16,14.78257,-91.71451,2011,9,18.3117170228445,699.7
16,14.78257,-91.71451,2011,11,17.8133333333333,37.4
16,14.78257,-91.71451,2011,12,17.4558208955224,20.2
16,14.78257,-91.71451,2012,1,17.1942165433759,21.4
16,14.78257,-91.71451,2012,2,17.0303846153846,34.8
16,14.78257,-91.71451,2012,3,17.6944711538462,77.8
16,14.78257,-91.71451,2012,4,18.3831944444444,207.7
16,14.78257,-91.71451,2012,5,19.0832807570978,37.8
16,14.78257,-91.71451,2012,6,18.4565317919075,376.6
16,14.78257,-91.71451,2012,7,18.5836021505376,374.1
16,14.78257,-91.71451,2012,8,18.5510080645161,483.9
16,14.78257,-91.71451,2012,9,18.3726893676164,273.6
16,14.78257,-91.71451,2012,10,18.1325641025641,223.1
16,14.78257,-91.71451,2012,11,17.9214022140221,5.8
16,14.78257,-91.71451,2012,12,17.9787634408602,0.2
16,14.78257,-91.71451,2013,1,18.0165994623656,14.9
16,14.78257,-91.71451,2013,2,17.905956813105,0.8
16,14.78257,-91.71451,2013,3,18.865188172043,16
16,14.78257,-91.71451,2013,4,19.2977777777778,22.2
16,14.78257,-91.71451,2013,5,19.1168010752688,112.2
16,14.78257,-91.71451,2013,6,18.8922916666667,174.1
16,14.78257,-91.71451,2013,7,18.7097595473833,107.4
16,14.78257,-91.71451,2013,8,18.5779569892473,70.2
16,14.78257,-91.71451,2013,9,18.4475,114.9
16,14.78257,-91.71451,2013,10,18.2812849162011,66.5
16,14.78257,-91.71451,2013,11,18.8376388888889,8.9
16,14.78257,-91.71451,2013,12,18.4512096774194,19.8
16,14.78257,-91.71451,2014,1,18.1979166666667,2.4
16,14.78257,-91.71451,2014,2,18.2474702380952,14.3
16,14.78257,-91.71451,2014,3,18.895564516129,40.8
16,14.78257,-91.71451,2014,4,19.5496527777778,36.4
16,14.78257,-91.71451,2014,5,18.8707692307692,0.2
16,14.78257,-91.71451,2014,6,19.2799212598425,97.5
16,14.78257,-91.71451,2014,7,20.0215916955017,40
16,14.78257,-91.71451,2014,8,18.9284946236559,263.7
16,14.78257,-91.71451,2014,9,18.6614583333333,750.4
16,14.78257,-91.71451,2014,10,18.3415322580645,690.2
16,14.78257,-91.71451,2014,11,18.4256944444444,33.8
16,14.78257,-91.71451,2014,12,17.8987231182796,43.4
16,14.78257,-91.71451,2015,1,18.3980510752688,27.5
16,14.78257,-91.71451,2015,2,17.8512648809524,73.1
16,14.78257,-91.71451,2015,3,18.5336021505376,87.6
16,14.78257,-91.71451,2015,4,19.4884722222222,150.6
16,14.78257,-91.71451,2015,5,19.2592741935484,333
16,14.78257,-91.71451,2015,6,19.6145833333333,369.1
16,14.78257,-91.71451,2015,7,19.2795698924731,217
16,14.78257,-91.71451,2015,8,19.2723790322581,359.8
16,14.78257,-91.71451,2015,9,18.9490277777778,681
16,14.78257,-91.71451,2015,10,19.1213037634409,367.8
16,14.78257,-91.71451,2015,11,18.822446143155,177.4
16,14.78257,-91.71451,2015,12,19.0688844086022,105.2
16,14.78257,-91.71451,2016,1,17.9497311827957,61.7
16,14.78257,-91.71451,2016,2,18.5386494252874,58
16,14.78257,-91.71451,2016,3,19.2043010752688,123.6
16,14.78257,-91.71451,2016,4,19.7763888888889,131.2
16,14.78257,-91.71451,2016,5,19.9602822580645,218.7
16,14.78257,-91.71451,2016,6,18.9258333333333,706.9
16,14.78257,-91.71451,2016,7,19.324126344086,245.3
16,14.78257,-91.71451,2016,8,19.3034946236559,514.6
16,14.78257,-91.71451,2016,9,18.9129166666667,346.1
16,14.78257,-91.71451,2016,10,18.5161962365591,285
16,14.78257,-91.71451,2016,11,18.4365972222222,300.8
16,14.78257,-91.71451,2016,12,18.4012768817204,22.7
16,14.78257,-91.71451,2017,1,17.4253028263795,49
16,14.78257,-91.71451,2017,2,17.9119791666667,37.8
16,14.78257,-91.71451,2017,3,18.5436155913978,227
16,14.78257,-91.71451,2017,4,18.9993055555556,215.3
16,14.78257,-91.71451,2017,5,19.6317204301075,454.6
16,14.78257,-91.71451,2017,6,18.9019444444444,678.8
16,14.78257,-91.71451,2017,7,19.1615591397849,452.3
16,14.78257,-91.71451,2017,8,19.0631048387097,486.2
16,14.78257,-91.71451,2017,9,19.0427777777778,540.1
16,14.78257,-91.71451,2017,10,18.7074596774194,371.3
16,14.78257,-91.71451,2017,11,18.0643055555556,111
16,14.78257,-91.71451,2017,12,17.9452054794521,0.6
16,14.78257,-91.71451,2018,1,17.7306451612903,62.4
16,14.78257,-91.71451,2018,2,18.1177827380952,7.3
16,14.78257,-91.71451,2018,3,18.6877016129032,6.5
16,14.78257,-91.71451,2018,4,18.5833217512161,3
16,14.78257,-91.71451,2018,5,19.0002017484869,43.3
16,14.78257,-91.71451,2018,6,18.6798471160528,116.4
16,14.78257,-91.71451,2018,7,19.5915265635508,169.4
16,14.78257,-91.71451,2018,8,18.8133826496301,389.7
16,14.78257,-91.71451,2018,9,18.6780403057679,522.7
16,14.78257,-91.71451,2018,10,18.3638197713517,257.8
16,14.78257,-91.71451,2018,11,18.6323141070188,77
16,14.78257,-91.71451,2018,12,17.5752521856086,56.1
16,14.78257,-91.71451,2019,1,17.2411843876178,14.6
16,14.78257,-91.71451,2019,2,18.0498883097543,35.7
16,14.78257,-91.71451,2019,3,18.5024882313383,35.4
16,14.78257,-91.71451,2019,4,19.2954134815844,107.5
16,14.78257,-91.71451,2019,5,19.3826496301278,496.1
16,14.78257,-91.71451,2019,6,19.7298818624044,492.4
16,14.78257,-91.71451,2019,8,19.1170141223941,353.2
16,14.78257,-91.71451,2019,9,18.7731758165393,487.9
16,14.78257,-91.71451,2019,10,69.4406239403188,1.9
16,14.78257,-91.71451,2019,11,18.7790132036136,59.8
16,14.78257,-91.71451,2019,12,18.2609952925353,10.3
16,14.78257,-91.71451,2020,1,18.5736381977135,46.7
26,14.92018,-91.90362,2011,11,20.0370786516854,13.4
26,14.92018,-91.90362,2011,12,20.1788978494624,34.8
26,14.92018,-91.90362,2012,1,19.9916666666667,68.9
26,14.92018,-91.90362,2012,2,42.9666666666667,2
26,14.92018,-91.90362,2012,3,20.5269572235674,287.5
26,14.92018,-91.90362,2012,4,20.8485416666667,378.4
26,14.92018,-91.90362,2012,5,21.0592741935484,489.2
26,14.92018,-91.90362,2012,6,20.6602777777778,611.5
26,14.92018,-91.90362,2012,7,20.9512096774194,302.7
26,14.92018,-91.90362,2012,8,20.5996639784946,487.4
26,14.92018,-91.90362,2012,9,20.5415553809898,263.3
26,14.92018,-91.90362,2012,10,20.1884408602151,540
26,14.92018,-91.90362,2012,11,20.4284122562674,153
26,14.92018,-91.90362,2012,12,20.3351478494624,49.9
26,14.92018,-91.90362,2013,1,20.2057123655914,56.3
26,14.92018,-91.90362,2013,2,20.1458083832335,14.5
26,14.92018,-91.90362,2013,3,20.8465517241379,30.8
26,14.92018,-91.90362,2013,7,20.7622478386167,336.2
26,14.92018,-91.90362,2013,8,20.4489919354839,425.2
26,14.92018,-91.90362,2013,9,20.1695833333333,563.9
26,14.92018,-91.90362,2013,10,20.32,30.8
26,14.92018,-91.90362,2013,11,20.5048611111111,179.8
26,14.92018,-91.90362,2013,12,20.1815188172043,76.8
26,14.92018,-91.90362,2014,1,20.2609543010753,1.9
26,14.92018,-91.90362,2014,2,20.1688244047619,65.9
26,14.92018,-91.90362,2014,3,20.6986559139785,330.1
26,14.92018,-91.90362,2014,4,21.4217512161223,231.1
26,14.92018,-91.90362,2014,5,21.0340053763441,817.3
26,14.92018,-91.90362,2014,6,20.6486805555556,178.2
26,14.92018,-91.90362,2014,7,21.8749157113958,32.6
26,14.92018,-91.90362,2014,8,20.985685483871,319.9
26,14.92018,-91.90362,2014,9,20.4314732142857,110.5
26,14.92018,-91.90362,2014,10,20.2909274193548,406.1
26,14.92018,-91.90362,2014,11,20.5936066712995,35
26,14.92018,-91.90362,2014,12,20.2584005376344,98.4
26,14.92018,-91.90362,2015,1,20.6072580645161,87.4
26,14.92018,-91.90362,2015,2,20.1418898809524,146.2
26,14.92018,-91.90362,2015,3,20.6096102150538,196.7
26,14.92018,-91.90362,2015,4,21.4807638888889,178.8
26,14.92018,-91.90362,2015,5,21.5029149797571,352.8
26,14.92018,-91.90362,2015,8,21.0588709677419,352.2
26,14.92018,-91.90362,2015,9,20.5057638888889,564.6
26,14.92018,-91.90362,2015,10,20.7626344086021,467.3
26,14.92018,-91.90362,2015,11,20.81125,117
26,14.92018,-91.90362,2015,12,21.0915994623656,151.8
26,14.92018,-91.90362,2016,1,20.0524865591398,100.5
26,14.92018,-91.90362,2016,2,20.7950431034483,17.3
26,14.92018,-91.90362,2016,3,21.2387096774194,168.6
26,14.92018,-91.90362,2016,4,21.8966666666667,231.4
26,14.92018,-91.90362,2016,5,21.8430396772024,335.3
26,14.92018,-91.90362,2016,6,20.7121527777778,395.3
26,14.92018,-91.90362,2016,7,21.1652553763441,230.8
26,14.92018,-91.90362,2016,8,21.0382392473118,478.8
26,14.92018,-91.90362,2016,9,20.4461111111111,411
26,14.92018,-91.90362,2016,10,20.2483516483516,369.9
26,14.92018,-91.90362,2016,11,20.3783333333333,204.3
26,14.92018,-91.90362,2016,12,20.5405241935484,33
26,14.92018,-91.90362,2017,1,19.8295148247978,25.1
26,14.92018,-91.90362,2017,2,20.1275297619048,151.1
26,14.92018,-91.90362,2017,3,20.7027829313544,230.7
26,14.92018,-91.90362,2017,4,20.9546527777778,353.9
26,14.92018,-91.90362,2017,5,21.2341184387618,441.1
26,14.92018,-91.90362,2017,6,20.4384989576095,771.4
26,14.92018,-91.90362,2017,7,20.949126344086,397.3
26,14.92018,-91.90362,2017,8,20.7690188172043,382.2
26,14.92018,-91.90362,2017,9,20.5781944444444,561.5
26,14.92018,-91.90362,2017,10,20.4318548387097,549.6
26,14.92018,-91.90362,2017,11,20.6255555555556,65.8
26,14.92018,-91.90362,2017,12,20.364375,0
26,14.92018,-91.90362,2018,1,20.2287634408602,49.7
26,14.92018,-91.90362,2018,2,20.1865327380952,32.1
26,14.92018,-91.90362,2018,3,20.6752688172043,62.2
26,14.92018,-91.90362,2018,4,20.5846421125782,312.6
26,14.92018,-91.90362,2018,5,21.0176193678547,661.2
26,14.92018,-91.90362,2018,6,20.5176511466296,503.4
26,14.92018,-91.90362,2018,7,21.6774041694687,135.9
26,14.92018,-91.90362,2018,8,20.7630127774042,376.9
26,14.92018,-91.90362,2018,9,20.5688672689368,381
26,14.92018,-91.90362,2018,10,20.1507733691997,382.7
26,14.92018,-91.90362,2018,11,21.0154968728284,225.3
26,14.92018,-91.90362,2018,12,20.0279757901816,43.7
26,14.92018,-91.90362,2019,1,19.6459314055145,35.6
26,14.92018,-91.90362,2019,2,20.2055100521221,75.2
26,14.92018,-91.90362,2019,3,20.6731674512441,26.3
26,14.92018,-91.90362,2019,4,21.3685198054204,93.8
26,14.92018,-91.90362,2019,5,21.2012104909213,542.5
26,14.92018,-91.90362,2019,6,21.3692147324531,399.9
26,14.92018,-91.90362,2019,7,23.5351042367182,390.9
26,14.92018,-91.90362,2019,8,20.9433759246806,407.3
26,14.92018,-91.90362,2019,10,20.0028244788164,632.5
26,14.92018,-91.90362,2019,11,21.1230020847811,28
26,14.92018,-91.90362,2019,12,20.8511096166779,1.8
26,14.92018,-91.90362,2020,1,20.8337146702557,63.8
27,14.96434,-91.99718,2011,11,22.7093406593407,29
27,14.96434,-91.99718,2011,12,22.5429435483871,30.2
27,14.96434,-91.99718,2012,1,22.4741935483871,80.8
27,14.96434,-91.99718,2012,2,22.9827534039334,3.5
27,14.96434,-91.99718,2012,3,23.1852150537634,213.6
27,14.96434,-91.99718,2012,4,23.5895138888889,249.7
27,14.96434,-91.99718,2012,5,23.6179435483871,653.1
27,14.96434,-91.99718,2012,6,23.0354166666667,910.3
27,14.96434,-91.99718,2012,7,23.2763440860215,324.7
27,14.96434,-91.99718,2012,8,23.0385752688172,618.7
27,14.96434,-91.99718,2012,9,23.1262172284644,103
27,14.96434,-91.99718,2012,10,22.9073723012112,519.1
27,14.96434,-91.99718,2012,11,23.0419242792636,146.4
27,14.96434,-91.99718,2012,12,22.8496637525219,111.7
27,14.96434,-91.99718,2013,1,22.9069892473118,8.8
27,14.96434,-91.99718,2013,2,23.1792628443783,19.2
27,14.96434,-91.99718,2013,3,23.6443449959317,76.9
27,14.96434,-91.99718,2013,4,24.4973254602292,3.4
27,14.96434,-91.99718,2013,5,26.5309121621622,2.9
27,14.96434,-91.99718,2013,7,23.2287367405979,370.2
27,14.96434,-91.99718,2013,8,22.7992597577389,610.7
27,14.96434,-91.99718,2013,9,22.7290972222222,871.5
27,14.96434,-91.99718,2013,10,23.1506849315068,82
27,14.96434,-91.99718,2013,11,22.954375,396.4
27,14.96434,-91.99718,2013,12,22.9288978494624,82.8
27,14.96434,-91.99718,2014,1,22.4172043010753,41.4
27,14.96434,-91.99718,2014,2,22.7887648809524,125.4
27,14.96434,-91.99718,2014,3,23.6168010752688,374
27,14.96434,-91.99718,2014,4,24.2197916666667,339.8
27,14.96434,-91.99718,2014,5,23.7353059852051,869.8
27,14.96434,-91.99718,2014,6,23.3072222222222,892.8
27,14.96434,-91.99718,2014,7,24.1379032258065,214.5
27,14.96434,-91.99718,2014,8,23.3413978494624,705.4
27,14.96434,-91.99718,2014,9,22.8162612925643,1035.1
27,14.96434,-91.99718,2014,10,22.8262096774194,569.9
27,14.96434,-91.99718,2014,11,23.186230876217,165.4
27,14.96434,-91.99718,2014,12,22.95625,41.2
27,14.96434,-91.99718,2015,1,22.894623655914,3.9
27,14.96434,-91.99718,2015,2,22.9058035714286,194.6
27,14.96434,-91.99718,2015,3,23.3118951612903,100.6
27,14.96434,-91.99718,2015,4,24.3605583392985,248.7
27,14.96434,-91.99718,2015,5,23.9865119651922,392.1
27,14.96434,-91.99718,2015,6,24.6033816425121,364.1
27,14.96434,-91.99718,2015,7,23.4521452145215,438.3
27,14.96434,-91.99718,2015,8,23.6309392265193,422.8
27,14.96434,-91.99718,2015,9,23.7663573085847,701.6
27,14.96434,-91.99718,2015,10,25.362100456621,340.1
27,14.96434,-91.99718,2015,11,23.5104637336504,45.7
27,14.96434,-91.99718,2015,12,23.8566532258065,3.5
27,14.96434,-91.99718,2016,1,24.2146641438032,0.7
27,14.96434,-91.99718,2016,2,25.2508620689655,10.5
27,14.96434,-91.99718,2016,3,25.2125042016807,9.8
27,14.96434,-91.99718,2016,4,26.3967361111111,491.9
27,14.96434,-91.99718,2016,5,25.9150201612903,551.8
27,14.96434,-91.99718,2016,6,23.9633680555556,723.9
27,14.96434,-91.99718,2016,7,25.3709677419355,250.8
27,14.96434,-91.99718,2016,8,24.1872983870968,890.9
27,14.96434,-91.99718,2016,9,23.3984931506849,687.6
27,14.96434,-91.99718,2016,10,19.865625,0
27,14.96434,-91.99718,2016,11,22.1741608613046,52.1
27,14.96434,-91.99718,2016,12,19.454939516129,0
27,14.96434,-91.99718,2017,1,19.7173719376392,56.2
27,14.96434,-91.99718,2017,2,22.8474702380952,129.1
27,14.96434,-91.99718,2017,3,22.9339864864865,226
27,14.96434,-91.99718,2017,4,23.69875,258.9
27,14.96434,-91.99718,2017,5,23.7674059139785,636.3
27,14.96434,-91.99718,2017,6,22.9777468706537,903.9
27,14.96434,-91.99718,2017,7,23.2859543010753,555.5
27,14.96434,-91.99718,2017,8,23.2673387096774,650.5
27,14.96434,-91.99718,2017,9,23.1104166666667,983.4
27,14.96434,-91.99718,2017,10,23.0897177419355,727.7
27,14.96434,-91.99718,2017,11,23.1740972222222,160.6
27,14.96434,-91.99718,2017,12,22.6325581395349,0.4
27,14.96434,-91.99718,2018,1,22.2303091397849,100.3
27,14.96434,-91.99718,2018,2,24.3944444444444,0
27,14.96434,-91.99718,2018,3,23.5118596491228,70.8
27,14.96434,-91.99718,2018,4,23.2292564280751,488.5
27,14.96434,-91.99718,2018,5,23.6041022192334,764.7
27,14.96434,-91.99718,2018,6,23.0429464906185,564.4
27,14.96434,-91.99718,2018,7,23.6281102891728,129.2
27,14.96434,-91.99718,2018,8,23.271553463349,285
27,14.96434,-91.99718,2018,9,23.0646977067408,681.5
27,14.96434,-91.99718,2018,10,22.6631472763954,630.8
27,14.96434,-91.99718,2018,11,23.4966643502432,306.3
27,14.96434,-91.99718,2018,12,22.5293090909091,211.1
27,14.96434,-91.99718,2019,1,22.627168796234,60
27,14.96434,-91.99718,2019,2,23.0447885196375,94.7
27,14.96434,-91.99718,2019,3,23.4970467032967,36.4
27,14.96434,-91.99718,2019,4,24.1139680333565,215.8
27,14.96434,-91.99718,2019,5,23.907061197041,628.6
27,14.96434,-91.99718,2019,6,23.7795691452398,755.1
27,14.96434,-91.99718,2019,7,23.5351042367182,390.9
27,14.96434,-91.99718,2019,8,23.4278412911903,575.4
27,14.96434,-91.99718,2019,9,23.1168867268937,553.7
27,14.96434,-91.99718,2019,10,22.740753194351,819.5
27,14.96434,-91.99718,2019,11,23.684086170952,236.2
27,14.96434,-91.99718,2019,12,23.2859448554136,83.8
27,14.96434,-91.99718,2020,1,23.0147276395427,110
28,15.00725,-92.08429,2011,11,22.2709836065574,158.9
28,15.00725,-92.08429,2011,12,22.0906586021505,75.4
28,15.00725,-92.08429,2012,1,21.9764112903226,84.7
28,15.00725,-92.08429,2012,2,22.0385057471264,236.9
28,15.00725,-92.08429,2012,3,22.3987231182796,100
28,15.00725,-92.08429,2012,4,22.7488194444444,496
28,15.00725,-92.08429,2012,5,22.5208333333333,881
28,15.00725,-92.08429,2012,6,21.9915972222222,987.8
28,15.00725,-92.08429,2012,7,22.7843308675185,379.9
28,15.00725,-92.08429,2012,8,21.9674059139785,988.6
28,15.00725,-92.08429,2012,9,21.9194664744052,925.9
28,15.00725,-92.08429,2012,10,21.6477591973244,1303.2
28,15.00725,-92.08429,2012,11,21.9102216748768,194.4
28,15.00725,-92.08429,2012,12,22.2370486111111,222.2
28,15.00725,-92.08429,2013,1,22.2232862903226,32.2
28,15.00725,-92.08429,2013,2,22.0947268408551,2
28,15.00725,-92.08429,2013,3,23.1022095035272,32.1
28,15.00725,-92.08429,2013,4,22.9655585555181,347.4
28,15.00725,-92.08429,2013,5,22.4385864695341,512.9
28,15.00725,-92.08429,2013,6,21.6384199864956,743.2
28,15.00725,-92.08429,2013,7,22.1512022073315,796.9
28,15.00725,-92.08429,2013,8,21.8659274193548,699.3
28,15.00725,-92.08429,2013,9,21.3188487188487,867
28,15.00725,-92.08429,2013,10,21.7313223430375,871.7
28,15.00725,-92.08429,2013,11,22.0298888888889,667.2
28,15.00725,-92.08429,2013,12,22.2111927247289,57
28,15.00725,-92.08429,2014,1,21.9934129692833,13.8
28,15.00725,-92.08429,2014,2,22.0630105900151,84.3
28,15.00725,-92.08429,2014,3,22.5657534246575,232.5
28,15.00725,-92.08429,2014,4,23.0032448377581,312.7
28,15.00725,-92.08429,2014,5,22.2906586021505,818.6
28,15.00725,-92.08429,2014,6,22.1425,617.3
28,15.00725,-92.08429,2014,7,23.3066532258065,313.2
28,15.00725,-92.08429,2014,8,22.3926390773406,594.1
28,15.00725,-92.08429,2014,9,21.6303693079957,951.5
28,15.00725,-92.08429,2014,10,21.6185788304959,810.6
28,15.00725,-92.08429,2014,11,22.3554417899128,130.5
28,15.00725,-92.08429,2014,12,22.3885942608064,80.7
28,15.00725,-92.08429,2015,1,22.5990210843373,12.8
28,15.00725,-92.08429,2015,2,22.2569841269841,120.1
28,15.00725,-92.08429,2015,3,22.6414205607477,144.4
28,15.00725,-92.08429,2015,4,23.2540145985401,244.1
28,15.00725,-92.08429,2015,5,23.0896341463415,388.8
28,15.00725,-92.08429,2015,6,23.2452777777778,311.5
28,15.00725,-92.08429,2015,7,22.9423668639053,395.2
28,15.00725,-92.08429,2015,8,23.1495789088246,425.3
28,15.00725,-92.08429,2015,9,22.3041666666667,714.7
28,15.00725,-92.08429,2015,10,22.4076974789916,640.4
28,15.00725,-92.08429,2015,11,22.6695380340396,386
28,15.00725,-92.08429,2015,12,19.6533333333333,0
28,15.00725,-92.08429,2016,1,22.5172379032258,61.8
28,15.00725,-92.08429,2016,2,23.0001436781609,8.6
28,15.00725,-92.08429,2016,3,23.481686827957,64.7
28,15.00725,-92.08429,2016,4,24.1770138888889,193.2
28,15.00725,-92.08429,2016,5,23.5718487394958,427.6
28,15.00725,-92.08429,2016,6,22.3801388888889,637.1
28,15.00725,-92.08429,2016,7,22.8662634408602,349.1
28,15.00725,-92.08429,2016,8,22.7973790322581,789.8
28,15.00725,-92.08429,2016,9,22.1636553161918,830.7
28,15.00725,-92.08429,2016,10,22.341061827957,593.4
28,15.00725,-92.08429,2016,11,22.3131944444444,459.3
28,15.00725,-92.08429,2016,12,22.571270718232,35.7
28,15.00725,-92.08429,2017,1,21.9334677419355,34.9
28,15.00725,-92.08429,2017,2,22.2793898809524,71.3
28,15.00725,-92.08429,2017,3,22.5475134408602,142.3
28,15.00725,-92.08429,2017,4,23.1798882681564,236.4
28,15.00725,-92.08429,2017,5,22.3374327956989,927.6
28,15.00725,-92.08429,2017,6,21.747255038221,847.5
28,15.00725,-92.08429,2017,7,22.4490591397849,614.1
28,15.00725,-92.08429,2017,8,21.501724137931,25.1
28,15.00725,-92.08429,2017,9,21.4602768903088,757.9
28,15.00725,-92.08429,2017,10,21.9373655913978,812.6
28,15.00725,-92.08429,2017,11,22.5902777777778,329.2
28,15.00725,-92.08429,2017,12,22.4076555023923,14.2
28,15.00725,-92.08429,2018,1,22.2605510752688,107.4
28,15.00725,-92.08429,2018,2,22.6931547619048,22.6
28,15.00725,-92.08429,2018,3,23.241935483871,69.4
28,15.00725,-92.08429,2018,4,22.3438888888889,351.6
28,15.00725,-92.08429,2018,5,22.0917283120377,199.1
28,15.00725,-92.08429,2018,6,3.19972202918694,175.1
28,15.00725,-92.08429,2018,7,0,462.3
28,15.00725,-92.08429,2018,9,14.9632936507937,185.1
28,15.00725,-92.08429,2018,10,21.7286036036036,505
28,15.00725,-92.08429,2018,11,22.6042464323007,306.1
28,15.00725,-92.08429,2018,12,21.8034332520042,336.15
28,15.00725,-92.08429,2019,1,21.7469928571429,98.22
28,15.00725,-92.08429,2019,2,21.9875756415167,73.35
28,15.00725,-92.08429,2019,3,22.6116132723112,48.95
28,15.00725,-92.08429,2019,4,23.1007242136064,163.01
28,15.00725,-92.08429,2019,5,22.705235646958,472.7
28,15.00725,-92.08429,2019,6,23.1179881115684,675.5
28,15.00725,-92.08429,2019,7,23.0737979094077,235.9
28,15.00725,-92.08429,2019,8,12.048359706677,892.3
28,15.00725,-92.08429,2019,9,22.1868995633188,741.6
28,15.00725,-92.08429,2019,10,21.4740325077399,704
28,15.00725,-92.08429,2019,11,22.6633205974297,253.8
28,15.00725,-92.08429,2019,12,22.6085991678225,41.9
28,15.00725,-92.08429,2020,1,22.7155339805825,116
3,14.52325,-90.74108,2008,1,15.7019607843137,0
3,14.52325,-90.74108,2008,2,16.8436781609195,3.7
3,14.52325,-90.74108,2008,3,17.8815436241611,2.6
3,14.52325,-90.74108,2008,4,19.1146527777778,14
3,14.52325,-90.74108,2008,5,20.0237231182796,33.2
3,14.52325,-90.74108,2008,6,18.6828472222222,301.4
3,14.52325,-90.74108,2008,7,18.5873015873016,38.8
3,14.52325,-90.74108,2008,8,18.4368,94.9
3,14.52325,-90.74108,2008,9,18.5984027777778,270.1
3,14.52325,-90.74108,2008,10,17.9521161825726,84.9
3,14.52325,-90.74108,2008,11,16.088133240805,0
3,14.52325,-90.74108,2008,12,16.0262096774194,0
3,14.52325,-90.74108,2009,1,15.5622325581395,1.3
3,14.52325,-90.74108,2009,2,17.725,0
3,14.52325,-90.74108,2009,3,16.2257891202149,0.3
3,14.52325,-90.74108,2009,4,18.4640350877193,8.3
3,14.52325,-90.74108,2009,5,19.985814889336,71.1
3,14.52325,-90.74108,2009,6,19.2276388888889,147.4
3,14.52325,-90.74108,2009,7,19.6547043010753,95.2
3,14.52325,-90.74108,2009,8,19.3915867944622,63.8
3,14.52325,-90.74108,2009,9,19.2499079189687,93.7
3,14.52325,-90.74108,2009,10,19.0924438393465,42.9
3,14.52325,-90.74108,2009,11,17.4795072788354,0
3,14.52325,-90.74108,2009,12,16.4357728494624,38.08
3,14.52325,-90.74108,2010,1,16.045127688172,1.1
3,14.52325,-90.74108,2010,2,18.2749255952381,3.8
3,14.52325,-90.74108,2010,3,19.0014112903226,0.6
3,14.52325,-90.74108,2010,4,19.9409513590844,102.7
3,14.52325,-90.74108,2010,5,20.2173270651444,373.5
3,14.52325,-90.74108,2010,6,19.7215972222222,203.1
3,14.52325,-90.74108,2010,7,18.9643384822028,228.1
3,14.52325,-90.74108,2010,8,18.9161962365591,260
3,14.52325,-90.74108,2010,9,18.6658570437196,240.5
3,14.52325,-90.74108,2010,10,17.6380376344086,22.1
3,14.52325,-90.74108,2010,11,16.5875,5.4
3,14.52325,-90.74108,2010,12,14.8735392881128,0.9
3,14.52325,-90.74108,2011,1,16.3532258064516,0.9
3,14.52325,-90.74108,2011,2,16.875818452381,8.8
3,14.52325,-90.74108,2011,3,17.0026209677419,0.9
3,14.52325,-90.74108,2011,4,18.9137665967855,16.4
3,14.52325,-90.74108,2011,5,20.1199596774194,35.6
3,14.52325,-90.74108,2011,6,19.2333333333333,194.1
3,14.52325,-90.74108,2011,7,19.1953691275168,232.17
3,14.52325,-90.74108,2011,8,19.1857258064516,180.77
3,14.52325,-90.74108,2011,9,18.8794729542302,156.85
3,14.52325,-90.74108,2011,10,17.7378091397849,307.04
3,14.52325,-90.74108,2011,12,16.3158064516129,0.25
3,14.52325,-90.74108,2012,1,16.1562147651007,1.51
3,14.52325,-90.74108,2012,3,17.3948790322581,2.01
3,14.52325,-90.74108,2012,4,18.8878318584071,26.15
3,14.52325,-90.74108,2012,5,19.1032171581769,120.6
3,14.52325,-90.74108,2012,6,19.0222850222043,153.5
3,14.52325,-90.74108,2012,7,19.2964045698925,80.6
3,14.52325,-90.74108,2012,8,18.9880449141347,207.9
3,14.52325,-90.74108,2012,9,18.9752248569092,114.3
3,14.52325,-90.74108,2012,10,18.5431337235479,148.4
3,14.52325,-90.74108,2012,11,16.5124357176251,0.2
3,14.52325,-90.74108,2012,12,15.2608587119321,0.8
3,14.52325,-90.74108,2013,1,17.2421370967742,1.4
3,14.52325,-90.74108,2013,2,17.3968102073365,0
3,14.52325,-90.74108,2013,3,17.5686237670268,4.4
3,14.52325,-90.74108,2013,4,19.562924120913,14.3
3,14.52325,-90.74108,2013,5,19.8458634092171,23.6
3,14.52325,-90.74108,2013,6,19.1064039408867,25.3
3,14.52325,-90.74108,2013,7,19.4577336919973,130.5
3,14.52325,-90.74108,2013,8,19.5248540450375,34.4
3,14.52325,-90.74108,2013,9,18.7122222222222,230.9
3,14.52325,-90.74108,2013,10,19.1667741935484,71
3,14.52325,-90.74108,2013,11,18.0528819444444,1.1
3,14.52325,-90.74108,2013,12,17.350436827957,0
3,14.52325,-90.74108,2014,1,16.5651075771749,0.4
3,14.52325,-90.74108,2014,2,16.7269982993197,0.8
3,14.52325,-90.74108,2014,3,18.4330155979203,45.4
3,14.52325,-90.74108,2014,4,19.8470286133529,14.1
3,14.52325,-90.74108,2014,5,20.3720873786408,110.8
3,14.52325,-90.74108,2014,6,19.638040757955,327.6
3,14.52325,-90.74108,2014,7,20.5705523551339,29.9
3,14.52325,-90.74108,2014,8,19.5451824518245,108.5
3,14.52325,-90.74108,2014,9,19.0082612872238,94.9
3,14.52325,-90.74108,2014,10,18.2461622807018,145.6
3,14.52325,-90.74108,2014,11,17.1661654135338,4.1
3,14.52325,-90.74108,2014,12,15.9573480662983,0
3,14.52325,-90.74108,2015,1,16.0393117831074,0
3,14.52325,-90.74108,2015,2,17.0892307692308,1.7
3,14.52325,-90.74108,2015,3,18.3778736759514,0.2
3,14.52325,-90.74108,2015,4,20.1219470538002,0.6
3,14.52325,-90.74108,2015,5,21.1874498797113,24.3
3,14.52325,-90.74108,2015,6,20.4431937172775,34
3,14.52325,-90.74108,2015,7,20.5272268907563,17.8
3,14.52325,-90.74108,2015,8,20.4640793010753,4.9
3,14.52325,-90.74108,2015,9,19.8680076628353,80.1
3,14.52325,-90.74108,2015,10,19.8516598284222,132.9
3,14.52325,-90.74108,2015,11,19.1203084832905,19.8
3,14.52325,-90.74108,2015,12,18.0803091645197,1.1
3,14.52325,-90.74108,2016,1,17.3664397549353,5.5
3,14.52325,-90.74108,2016,2,17.2981681034483,0.2
3,14.52325,-90.74108,2016,3,20.0695900537634,5.2
3,14.52325,-90.74108,2016,4,21.2067277210285,22.5
3,14.52325,-90.74108,2016,5,21.9993522849946,25.7
3,14.52325,-90.74108,2016,6,20.4703269367448,87.3
3,14.52325,-90.74108,2016,7,20.4705146533238,29.3
3,14.52325,-90.74108,2016,8,20.4901549053356,44.1
3,14.52325,-90.74108,2016,9,19.5707428571429,60.1
3,14.52325,-90.74108,2016,10,19.5994619799139,6.7
3,14.52325,-90.74108,2016,11,18.6251734772552,6.9
3,14.52325,-90.74108,2016,12,18.2251680107527,1.5
3,14.52325,-90.74108,2017,1,16.3900504201681,2
3,14.52325,-90.74108,2017,2,18.3848599545799,0.5
3,14.52325,-90.74108,2017,3,18.9050757842792,1.2
3,14.52325,-90.74108,2017,4,20.3499820208558,9.3
3,14.52325,-90.74108,2017,5,21.1249001814882,33.1
3,14.52325,-90.74108,2017,6,19.8881693198263,46.7
3,14.52325,-90.74108,2017,7,20.655092936803,16.6
3,14.52325,-90.74108,2017,8,20.3164738871363,20.4
3,14.52325,-90.74108,2017,9,20.3768251591164,15
3,14.52325,-90.74108,2017,10,19.3283386468296,19
3,14.52325,-90.74108,2017,11,18.1853125,0.4
3,14.52325,-90.74108,2017,12,17.546438172043,0
3,14.52325,-90.74108,2018,1,16.4060988074957,0
3,14.52325,-90.74108,2018,2,18.2868003025719,0
3,14.52325,-90.74108,2018,3,19.6505219206681,0.4
3,14.52325,-90.74108,2018,4,20.1625564432094,2.2
3,14.52325,-90.74108,2018,5,20.9090389784946,17.9
3,14.52325,-90.74108,2018,6,19.673631840796,91.3
3,14.52325,-90.74108,2018,7,20.6546869712352,1.6
3,14.52325,-90.74108,2018,8,20.1074260752688,1.2
3,14.52325,-90.74108,2018,9,19.6878819444444,2.6
3,14.52325,-90.74108,2018,10,19.0356240713224,8.1
3,14.52325,-90.74108,2018,11,18.7222515060241,0.2
3,14.52325,-90.74108,2018,12,17.5761443989579,0.2
3,14.52325,-90.74108,2019,1,17.7609942638623,0
3,14.52325,-90.74108,2019,2,19.0170600414079,0
3,14.52325,-90.74108,2019,3,20.061260827719,0
3,14.52325,-90.74108,2019,4,20.7429535864979,0.4
3,14.52325,-90.74108,2019,5,21.2018151260504,1.2
3,14.52325,-90.74108,2019,6,21.3710566037736,5.1
3,14.52325,-90.74108,2019,7,20.7951187904968,1.1
3,14.52325,-90.74108,2019,8,20.3426886792453,1.3
3,14.52325,-90.74108,2019,9,16.72,0
3,14.52325,-90.74108,2020,1,24.6949562878278,29.1
56,14.61387,-91.13462,2015,11,19.6645015630427,101
56,14.61387,-91.13462,2018,1,19.957259565667,0.75
56,14.61387,-91.13462,2018,2,20.2917342761444,13.95
56,14.61387,-91.13462,2018,3,20.691381512605,21.27
56,14.61387,-91.13462,2018,4,18.2177090301003,15.68
56,14.61387,-91.13462,2018,5,19.4888302521008,268.65
56,14.61387,-91.13462,2018,6,18.9351083591331,13.42
56,14.61387,-91.13462,2018,7,21.4981176470588,45.2
56,14.61387,-91.13462,2018,8,20.2613861386139,65.3
56,14.61387,-91.13462,2018,9,19.0399392558846,204
56,14.61387,-91.13462,2018,10,18.7303213610586,163.7
56,14.61387,-91.13462,2018,11,19.4065153733529,44.1
56,14.61387,-91.13462,2018,12,18.8114919354839,4.4
56,14.61387,-91.13462,2019,1,18.7064363143631,0.7
56,14.61387,-91.13462,2019,2,18.8312647289866,3.5
56,14.61387,-91.13462,2019,3,20.3666810717373,5.7
56,14.61387,-91.13462,2019,4,20.1941848906561,49.4
56,14.61387,-91.13462,2019,5,19.3311197916667,231.6
56,14.61387,-91.13462,2019,6,19.9735166994106,186.1
56,14.61387,-91.13462,2019,7,20.0531277150304,92.6
56,14.61387,-91.13462,2019,8,19.3959713212701,249.6
56,14.61387,-91.13462,2019,9,18.9940462201332,240.5
56,14.61387,-91.13462,2019,10,18.2337399790868,458.5
56,14.61387,-91.13462,2019,11,19.5967468175389,19.4
56,14.61387,-91.13462,2019,12,19.2320230430363,0
56,14.61387,-91.13462,2020,1,19.6010526315789,7.5
56,14.61387,-91.13462,2020,2,19.2289256198347,0.4
69,14.53726,-90.88975,2015,12,19.467082111437,21
69,14.53726,-90.88975,2016,1,18.5657930107527,2.8
69,14.53726,-90.88975,2016,2,18.6431034482759,0.3
69,14.53726,-90.88975,2016,3,19.5844190732035,114.5
69,14.53726,-90.88975,2016,4,20.7593055555556,104
69,14.53726,-90.88975,2016,5,20.0062080536913,9.4
69,14.53726,-90.88975,2016,6,19.9585128561501,205.2
69,14.53726,-90.88975,2016,7,21.0125714285714,12.3
69,14.53726,-90.88975,2016,8,20.7091753343239,161.1
69,14.53726,-90.88975,2016,9,19.9946616541353,247.5
69,14.53726,-90.88975,2016,10,20.4082946013586,43.2
69,14.53726,-90.88975,2016,11,20.0767774343122,10.6
69,14.53726,-90.88975,2016,12,19.7220168067227,9.3
69,14.53726,-90.88975,2017,1,18.4181451612903,5.5
69,14.53726,-90.88975,2017,2,19.0475094339623,12.2
69,14.53726,-90.88975,2017,3,19.9589717046239,45
69,14.53726,-90.88975,2017,4,20.5775886524823,160.1
69,14.53726,-90.88975,2017,5,20.2412147505423,176.4
69,14.53726,-90.88975,2017,6,19.2677215189873,570.5
69,14.53726,-90.88975,2017,7,21.2320564516129,0
69,14.53726,-90.88975,2017,8,20.3363911290323,6.3
69,14.53726,-90.88975,2017,9,19.4033963585434,72.3
69,14.53726,-90.88975,2017,10,19.7349278930707,122.7
69,14.53726,-90.88975,2017,11,19.4139930555556,0
69,14.53726,-90.88975,2017,12,18.9432795698925,0
69,14.53726,-90.88975,2018,1,18.0960287572749,0
69,14.53726,-90.88975,2018,2,19.5251129518072,0.5
69,14.53726,-90.88975,2018,3,20.2886760752688,0.4
69,14.53726,-90.88975,2018,4,19.8261987491313,2.4
69,14.53726,-90.88975,2018,5,19.854872311828,13.1
69,14.53726,-90.88975,2018,6,19.3170138888889,2.8
69,14.53726,-90.88975,2018,7,21.3680107526882,0
69,14.53726,-90.88975,2018,8,20.5439106901218,0
69,14.53726,-90.88975,2018,9,19.7778452200304,50
69,14.53726,-90.88975,2018,10,19.1175,0
69,14.53726,-90.88975,2018,11,19.6136560069144,0
69,14.53726,-90.88975,2018,12,18.2460168067227,0
69,14.53726,-90.88975,2019,1,18.6651764705882,0
69,14.53726,-90.88975,2019,2,18.2683712121212,0
69,14.53726,-90.88975,2019,4,20.3147845062739,0
69,14.53726,-90.88975,2019,5,19.9556974789916,0
69,14.53726,-90.88975,2019,6,20.3672108370962,0
69,14.53726,-90.88975,2019,7,20.9392400806994,0
69,14.53726,-90.88975,2019,8,20.1791932773109,0
69,14.53726,-90.88975,2019,9,19.7101076762765,0
69,14.53726,-90.88975,2019,10,18.628268907563,0
69,14.53726,-90.88975,2019,11,19.7395970823203,0
69,14.53726,-90.88975,2019,12,18.8099426386233,0
71,14.65905,-91.43093,2015,9,74,0
71,14.65905,-91.43093,2016,1,19.9037562604341,40.6
71,14.65905,-91.43093,2016,2,20.8065014367816,1.2
71,14.65905,-91.43093,2016,3,21.1175749318801,65.3
71,14.65905,-91.43093,2016,4,21.6825242718447,97.4
71,14.65905,-91.43093,2016,5,21.8136088709677,393.7
71,14.65905,-91.43093,2016,6,20.6997222222222,469.1
71,14.65905,-91.43093,2016,7,21.3239247311828,140
71,14.65905,-91.43093,2016,8,21.0940188172043,363.1
71,14.65905,-91.43093,2016,9,20.4922916666667,416.6
71,14.65905,-91.43093,2016,10,20.2806787634409,248
71,14.65905,-91.43093,2016,11,20.847619047619,0.7
71,14.65905,-91.43093,2016,12,20.114314516129,6.8
71,14.65905,-91.43093,2017,1,19.2469422043011,14.6
71,14.65905,-91.43093,2017,2,19.9181175595238,44.8
71,14.65905,-91.43093,2017,3,21.0843191196699,0.2
71,14.65905,-91.43093,2017,4,20.9095355383533,197.3
71,14.65905,-91.43093,2017,5,20.9902553763441,582.5
71,14.65905,-91.43093,2017,6,20.2441319444444,788.3
71,14.65905,-91.43093,2017,7,21.0906666666667,29.9
71,14.65905,-91.43093,2017,8,20.6659946236559,427.3
71,14.65905,-91.43093,2017,9,20.3569444444444,718.9
71,14.65905,-91.43093,2017,10,20.1276394247632,432.4
71,14.65905,-91.43093,2017,11,19.8736072698538,54.7
71,14.65905,-91.43093,2018,5,20.5038059952846,2.1
71,14.65905,-91.43093,2018,6,23.453488372093,0.2
71,14.65905,-91.43093,2018,8,20.7541125541126,0.4
71,14.65905,-91.43093,2018,9,20.2597429663077,2.6
71,14.65905,-91.43093,2018,10,20.0050084033613,0.8
71,14.65905,-91.43093,2018,11,20.6257033692254,0
71,14.65905,-91.43093,2018,12,19.3128755364807,0
71,14.65905,-91.43093,2019,3,20.4726783310902,0.8
71,14.65905,-91.43093,2019,4,21.0822855158041,12.4
71,14.65905,-91.43093,2019,5,20.8590924369748,12.8
71,14.65905,-91.43093,2019,6,21.1497038724374,7
71,14.65905,-91.43093,2019,7,21.554240390482,0.2
71,14.65905,-91.43093,2019,8,20.8725714285714,1.3
71,14.65905,-91.43093,2019,9,20.3701979854116,0.2
71,14.65905,-91.43093,2019,10,19.8631741140216,0.2
71,14.65905,-91.43093,2019,11,20.2182697780307,0.2
71,14.65905,-91.43093,2019,12,20.135462184874,0
71,14.65905,-91.43093,2020,1,20.3233427362482,0
76,14.628,-91.2377,2016,7,19.93,85.02
76,14.628,-91.2377,2016,8,19.9368548387097,177.4
76,14.628,-91.2377,2016,9,19.2048992355803,270.06
76,14.628,-91.2377,2016,10,19.1212432795699,55.85
76,14.628,-91.2377,2016,11,18.8023263888889,6.56
76,14.628,-91.2377,2016,12,18.8346505376344,0.75
76,14.628,-91.2377,2017,1,16.6185573770492,23.83
76,14.628,-91.2377,2017,2,17.8865522620905,12.92
76,14.628,-91.2377,2017,3,15.85375,0
76,14.628,-91.2377,2017,4,18.9950625,81.49
76,14.628,-91.2377,2017,5,19.3253830645161,296.53
76,14.628,-91.2377,2017,6,18.5398123697012,677.62
76,14.628,-91.2377,2017,7,19.8525611052072,56.82
76,14.628,-91.2377,2017,8,19.2205447209146,283.37
76,14.628,-91.2377,2017,9,16.8150097847358,109.64
76,14.628,-91.2377,2018,3,18.9188416422287,37.5
76,14.628,-91.2377,2018,4,19.6991660875608,22.8
76,14.628,-91.2377,2018,5,22.6871794871795,5.8
76,14.628,-91.2377,2018,6,17.7777710843373,0
76,14.628,-91.2377,2018,7,20.6009592326139,0
76,14.628,-91.2377,2018,8,19.9155346334902,0
76,14.628,-91.2377,2018,10,18.6756556825824,0
76,14.628,-91.2377,2018,11,18.463523573201,0
76,14.628,-91.2377,2018,12,17.659784801614,0
76,14.628,-91.2377,2019,1,17.7758302583026,0
76,14.628,-91.2377,2019,5,18.295392296719,137.55
76,14.628,-91.2377,2019,6,19.4924335302806,270.28
76,14.628,-91.2377,2019,7,20.0555102040816,28.13
76,14.628,-91.2377,2019,8,18.9379840388619,163.11
76,14.628,-91.2377,2019,9,18.4525214007782,167.98
76,14.628,-91.2377,2019,10,17.9742803160426,94.83
76,14.628,-91.2377,2019,11,19.0370546423812,8.36
76,14.628,-91.2377,2019,12,17.591503630927,0
76,14.628,-91.2377,2020,1,18.4822291021672,4.06
76,14.628,-91.2377,2020,2,17.3016576819407,0.5
78,14.72836,-90.69721,2016,11,14.991091954023,0.9
78,14.72836,-90.69721,2016,12,15.3547043010753,19.4
78,14.72836,-90.69721,2017,1,14.3834702258727,9.3
78,14.72836,-90.69721,2017,2,16.1809404910529,11.7
78,14.72836,-90.69721,2017,3,16.2029237730595,14.7
78,14.72836,-90.69721,2017,4,18.1568165596003,41.8
78,14.72836,-90.69721,2017,5,18.2301879971077,157.8
78,14.72836,-90.69721,2017,6,17.3108021390374,330.4
78,14.72836,-90.69721,2017,7,17.270471281296,188.6
78,14.72836,-90.69721,2017,8,17.3805390269513,196.9
78,14.72836,-90.69721,2017,9,17.4926229508197,189.4
78,14.72836,-90.69721,2017,10,16.3884438142503,129.2
78,14.72836,-90.69721,2017,11,14.8914930555556,3.2
78,14.72836,-90.69721,2017,12,14.1249327956989,27.2
78,14.72836,-90.69721,2018,1,12.9253324241391,7.9
78,14.72836,-90.69721,2018,2,15.1198427555223,9.7
78,14.72836,-90.69721,2018,3,17.200449943757,1.8
78,14.72836,-90.69721,2018,4,17.5848230572784,36.5
78,14.72836,-90.69721,2018,5,17.8941820670773,208
78,14.72836,-90.69721,2018,6,16.7490934944899,238.4
78,14.72836,-90.69721,2018,7,17.477391896493,62
78,14.72836,-90.69721,2018,8,17.2741435268662,93.9
78,14.72836,-90.69721,2018,9,17.2222559817698,137.7
78,14.72836,-90.69721,2018,10,16.4947744360902,152.7
78,14.72836,-90.69721,2018,11,16.07959697733,20.1
78,14.72836,-90.69721,2018,12,16.2771894093686,0.2
78,14.72836,-90.69721,2019,3,16.0175732217573,0.2
78,14.72836,-90.69721,2019,4,17.8206713057716,44.4
78,14.72836,-90.69721,2019,5,18.3241935483871,2.2
78,14.72836,-90.69721,2019,6,18.424499229584,2.1
78,14.72836,-90.69721,2019,7,17.7435025817556,3.6
78,14.72836,-90.69721,2019,8,18.0926430517711,72.3
78,14.72836,-90.69721,2019,9,17.4584956090111,194.3
78,14.72836,-90.69721,2019,10,16.7743252595156,267
78,14.72836,-90.69721,2019,11,15.8831277213353,6
78,14.72836,-90.69721,2019,12,15.2554054054054,1.9
78,14.72836,-90.69721,2020,1,17.9883333333333,4.6
8,14.48467,-90.44667,2008,9,17.9078846153846,253.1
8,14.48467,-90.44667,2008,10,16.9188172043011,53.1
8,14.48467,-90.44667,2008,11,15.0415277777778,9.5
8,14.48467,-90.44667,2008,12,15.729079919409,1.3
8,14.48467,-90.44667,2009,1,16.286218487395,0
8,14.48467,-90.44667,2009,2,16.1000973709834,0.3
8,14.48467,-90.44667,2009,3,15.9763440860215,0
8,14.48467,-90.44667,2009,4,18.2278859527121,22
8,14.48467,-90.44667,2009,5,17.9416856492027,246.1
8,14.48467,-90.44667,2009,6,18.3189905902481,176.5
8,14.48467,-90.44667,2009,7,18.8055107526882,116.2
8,14.48467,-90.44667,2009,8,18.5778199052133,99.7
8,14.48467,-90.44667,2009,9,18.3355555555556,210.8
8,14.48467,-90.44667,2009,10,18.2,103.8
8,14.48467,-90.44667,2009,11,16.8470637583893,21.9
8,14.48467,-90.44667,2009,12,16.6473051075269,27.41
8,14.48467,-90.44667,2010,1,15.4688247145735,1.26
8,14.48467,-90.44667,2010,2,17.5597395833333,1.77
8,14.48467,-90.44667,2010,3,17.6539173553719,0
8,14.48467,-90.44667,2010,4,15.4070637119114,153.8
8,14.48467,-90.44667,2010,5,19.5215267175573,59.51
8,14.48467,-90.44667,2010,7,18.2033602150538,297.7
8,14.48467,-90.44667,2010,8,18.192819614711,495.8
8,14.48467,-90.44667,2010,9,17.5794444444444,527
8,14.48467,-90.44667,2010,10,16.840188172043,44.9
8,14.48467,-90.44667,2010,11,15.9011111111111,26.2
8,14.48467,-90.44667,2010,12,14.3813422818792,0.6
8,14.48467,-90.44667,2011,1,16.2895161290323,0.3
8,14.48467,-90.44667,2011,2,16.5986607142857,14.8
8,14.48467,-90.44667,2011,3,16.5606182795699,18.2
8,14.48467,-90.44667,2011,4,18.2778859527121,34.9
8,14.48467,-90.44667,2011,5,18.9594630872483,85.4
8,14.48467,-90.44667,2011,6,18.1668515950069,285.7
8,14.48467,-90.44667,2011,7,18.0851209677419,271.36
8,14.48467,-90.44667,2011,8,18.1349462365591,394.38
8,14.48467,-90.44667,2011,9,17.8466388888889,253.35
8,14.48467,-90.44667,2011,10,16.6696370967742,446.4
8,14.48467,-90.44667,2011,11,16.5295284327323,10.4
8,14.48467,-90.44667,2011,12,15.7556720430108,0
8,14.48467,-90.44667,2012,1,15.7709811827957,1.51
8,14.48467,-90.44667,2012,2,16.8451754385965,6.7
8,14.48467,-90.44667,2012,3,16.9712556732224,13.8
8,14.48467,-90.44667,2012,6,17.9525085034014,172
8,14.48467,-90.44667,2012,7,18.1664650537634,132
8,14.48467,-90.44667,2012,8,18.0353488372093,452.5
8,14.48467,-90.44667,2012,9,19.0779166666667,199.1
8,14.48467,-90.44667,2012,10,17.4412239408204,177.1
8,14.48467,-90.44667,2012,11,15.6758501040944,0.9
8,14.48467,-90.44667,2012,12,16.3174731182796,2.6
8,14.48467,-90.44667,2013,1,16.6542338709677,0.3
8,14.48467,-90.44667,2013,2,17.3328869047619,1.5
8,14.48467,-90.44667,2013,3,17.0304637096774,24.11
8,14.48467,-90.44667,2013,4,18.7857222222222,23.31
8,14.48467,-90.44667,2013,5,18.5030913978495,141.34
8,14.48467,-90.44667,2013,6,18.3362248438584,260
8,14.48467,-90.44667,2013,7,18.1780913978495,413.4
8,14.48467,-90.44667,2013,8,17.9577284946237,396.8
8,14.48467,-90.44667,2013,9,17.6291666666667,422
8,14.48467,-90.44667,2013,10,17.9913364674278,349.2
8,14.48467,-90.44667,2013,11,16.9244444444444,43.6
8,14.48467,-90.44667,2013,12,16.3621273712737,1.2
8,14.48467,-90.44667,2014,1,15.5608870967742,0
8,14.48467,-90.44667,2014,2,17.0312732688012,5.7
8,14.48467,-90.44667,2014,3,18.2780913978495,31.2
8,14.48467,-90.44667,2014,4,18.1542473919523,40.3
8,14.48467,-90.44667,2014,5,18.2846774193548,253.4
8,14.48467,-90.44667,2014,6,18.3424305555556,407.3
8,14.48467,-90.44667,2014,7,19.102353732347,23.7
8,14.48467,-90.44667,2014,8,18.4182795698925,220.6
8,14.48467,-90.44667,2014,9,18.1263821532493,236.2
8,14.48467,-90.44667,2014,11,15.8975663716814,0
8,14.48467,-90.44667,2014,12,15.9263440860215,0
8,14.48467,-90.44667,2015,1,15.690107599193,0
8,14.48467,-90.44667,2015,2,16.2826413690476,0
8,14.48467,-90.44667,2015,3,17.5206787634409,0
8,14.48467,-90.44667,2015,4,18.8809652777778,0
8,14.48467,-90.44667,2015,5,18.7328965053763,0.25
8,14.48467,-90.44667,2015,6,18.8833333333333,5.1
8,14.48467,-90.44667,2015,7,18.7923387096774,0.3
8,14.48467,-90.44667,2015,8,19.0383322125084,0.8
8,14.48467,-90.44667,2015,9,18.4209722222222,0.3
8,14.48467,-90.44667,2015,10,18.8279569892473,0
8,14.48467,-90.44667,2015,11,18.1303472222222,0
8,14.48467,-90.44667,2015,12,17.866931359354,0
8,14.48467,-90.44667,2016,1,16.5400067204301,0
8,14.48467,-90.44667,2016,2,15.7672609633357,0
8,14.48467,-90.44667,2016,3,19.5278653624856,0
8,14.48467,-90.44667,2016,4,21.5005561735261,0
8,14.48467,-90.44667,2016,5,21.683064516129,1.3
8,14.48467,-90.44667,2016,6,20.6389290882779,0
8,14.48467,-90.44667,2016,7,20.1371276595745,0
8,14.48467,-90.44667,2016,8,20.4467069892473,0
8,14.48467,-90.44667,2016,9,19.8553472222222,0.8
8,14.48467,-90.44667,2016,10,18.3185963114754,0
8,14.48467,-90.44667,2016,11,17.7168648648649,0
8,14.48467,-90.44667,2016,12,16.2772727272727,0
8,14.48467,-90.44667,2017,1,16.4948012232416,0
8,14.48467,-90.44667,2017,2,17.5471726190476,0
8,14.48467,-90.44667,2017,3,17.4800403225806,0
8,14.48467,-90.44667,2017,4,19.4758501040944,1.5
8,14.48467,-90.44667,2017,5,20.4926075268817,0.3
8,14.48467,-90.44667,2017,6,20.1955555555556,10.5
8,14.48467,-90.44667,2017,7,18.7212121212121,1.1
8,14.48467,-90.44667,2017,8,18.8451612903226,1.3
8,14.48467,-90.44667,2017,9,19.2035392088827,0
8,14.48467,-90.44667,2017,10,18.4956989247312,0
8,14.48467,-90.44667,2017,11,18.1745173745174,0
8,14.48467,-90.44667,2017,12,16.1114247311828,0
8,14.48467,-90.44667,2018,1,14.3453634085213,0
8,14.48467,-90.44667,2018,2,21.9,0
8,14.48467,-90.44667,2018,5,18.1255813953488,0
8,14.48467,-90.44667,2018,6,18.1467261904762,1.3
8,14.48467,-90.44667,2018,7,18.7452444107617,0
8,14.48467,-90.44667,2018,8,18.1994285714286,0
8,14.48467,-90.44667,2018,9,17.9593608891976,0
8,14.48467,-90.44667,2018,10,17.5044369747899,0
8,14.48467,-90.44667,2018,11,17.5983674887114,0
8,14.48467,-90.44667,2018,12,16.1882352941176,0
8,14.48467,-90.44667,2019,1,16.3114285714286,0
8,14.48467,-90.44667,2019,2,17.4181906614786,0
8,14.48467,-90.44667,2019,4,19.1025875486381,0
8,14.48467,-90.44667,2019,5,18.8952134453782,0
8,14.48467,-90.44667,2019,6,18.9738242445294,0
8,14.48467,-90.44667,2019,7,18.9751226890756,0
8,14.48467,-90.44667,2019,8,18.7920705882353,0
8,14.48467,-90.44667,2019,9,18.2974852379298,0
8,14.48467,-90.44667,2019,10,17.5589277310924,0
8,14.48467,-90.44667,2019,11,17.6249230769231,0
83,14.87482,-92.01379,2017,5,24.4758588672238,545.6
83,14.87482,-92.01379,2017,6,23.8950694444444,945.8
83,14.87482,-92.01379,2017,7,24.4588037634409,590.6
83,14.87482,-92.01379,2017,8,24.2654569892473,499
83,14.87482,-92.01379,2017,9,23.9570833333333,1100.9
83,14.87482,-92.01379,2017,10,23.9145161290323,654.6
83,14.87482,-92.01379,2017,11,24.1415277777778,258.1
83,14.87482,-92.01379,2017,12,23.6349112426036,0
83,14.87482,-92.01379,2018,1,23.8385080645161,2.6
83,14.87482,-92.01379,2018,2,24.6168831168831,0
83,14.87482,-92.01379,2018,3,25.0542816702052,77.4
83,14.87482,-92.01379,2018,4,24.2772222222222,402.2
83,14.87482,-92.01379,2018,5,24.4663752521856,897.1
83,14.87482,-92.01379,2018,6,23.91723419041,531.8
83,14.87482,-92.01379,2018,7,24.5886348352387,455.6
83,14.87482,-92.01379,2018,8,24.371553463349,494.2
83,14.87482,-92.01379,2018,9,23.7706045865184,699.5
83,14.87482,-92.01379,2018,10,23.4462676529926,745.1
83,14.87482,-92.01379,2018,11,24.4435024322446,320.7
83,14.87482,-92.01379,2018,12,23.630262273033,55.4
83,14.87482,-92.01379,2019,1,23.5971755211836,138.2
83,14.87482,-92.01379,2019,2,23.9475862068966,37.7
83,14.87482,-92.01379,2019,3,24.8027210884354,23.3
83,14.87482,-92.01379,2019,4,25.3264767199444,130.4
83,14.87482,-92.01379,2019,5,24.8158036314728,564.6
83,14.87482,-92.01379,2019,6,24.7601111883252,656.8
83,14.87482,-92.01379,2019,7,24.6634162743779,368.3
83,14.87482,-92.01379,2019,8,24.4829186281103,406.5
83,14.87482,-92.01379,2019,9,22.1868995633188,741.6
83,14.87482,-92.01379,2019,10,23.2987895090787,911.2
83,14.87482,-92.01379,2019,11,24.6132036136206,416.9
83,14.87482,-92.01379,2019,12,24.3918573351279,56.1
84,14.79513,-91.79716,2017,5,21.0930866601753,317
84,14.79513,-91.79716,2017,6,20.4972222222222,885
84,14.79513,-91.79716,2017,7,21.1754032258065,480.5
84,14.79513,-91.79716,2017,8,21.104435483871,684.5
84,14.79513,-91.79716,2017,9,20.8184722222222,836
84,14.79513,-91.79716,2017,10,20.7752016129032,599.2
84,14.79513,-91.79716,2017,11,21.1829861111111,89.3
84,14.79513,-91.79716,2017,12,21.15,0
84,14.79513,-91.79716,2018,1,20.7367607526882,3.1
84,14.79513,-91.79716,2018,2,20.839806547619,0.2
84,14.79513,-91.79716,2018,3,21.3100806451613,0.2
84,14.79513,-91.79716,2018,4,20.8314583333333,0.8
84,14.79513,-91.79716,2018,5,20.8911903160726,410.8
84,14.79513,-91.79716,2018,6,20.6765809589993,618.9
84,14.79513,-91.79716,2018,7,21.7353732347007,380.2
84,14.79513,-91.79716,2018,8,21.1361129791527,528.4
84,14.79513,-91.79716,2018,9,20.6529902642559,668.7
84,14.79513,-91.79716,2018,10,20.3856758574311,276.4
84,14.79513,-91.79716,2018,11,21.3323141070188,212
84,14.79513,-91.79716,2018,12,20.3156018829859,111.5
84,14.79513,-91.79716,2019,1,20.2818426361802,20.1
84,14.79513,-91.79716,2019,2,20.6658113207547,33.4
84,14.79513,-91.79716,2019,3,21.1064559515804,25.1
84,14.79513,-91.79716,2019,4,21.6066712995136,92.8
84,14.79513,-91.79716,2019,5,21.2613315400135,498.3
84,14.79513,-91.79716,2019,6,21.6177901320361,647
84,14.79513,-91.79716,2019,7,21.5429051782112,292.3
84,14.79513,-91.79716,2019,8,21.4417619367855,475.7
84,14.79513,-91.79716,2019,9,20.9870743571925,577.4
84,14.79513,-91.79716,2019,10,20.2287155346335,836.8
84,14.79513,-91.79716,2019,11,21.2888811674774,30
84,14.79513,-91.79716,2019,12,21.228446536651,15
99,14.52188,-90.9199,2017,6,17.539637599094,226.6
99,14.52188,-90.9199,2017,7,19.14586846543,133.5
99,14.52188,-90.9199,2017,8,18.3972035040431,200.6
99,14.52188,-90.9199,2017,9,17.8087671232877,171.7
99,14.52188,-90.9199,2017,10,17.5389048991354,1.8
99,14.52188,-90.9199,2017,11,17.7867037939436,23.1
99,14.52188,-90.9199,2017,12,17.3509433962264,4
99,14.52188,-90.9199,2018,1,16.5174704890388,13.7
99,14.52188,-90.9199,2018,2,17.541738157404,2.2
99,14.52188,-90.9199,2018,3,18.2615981119353,26.8
99,14.52188,-90.9199,2018,4,18.0264787752262,56.1
99,14.52188,-90.9199,2018,5,18.0901888064734,381.6
99,14.52188,-90.9199,2018,6,17.6688066992324,404.1
99,14.52188,-90.9199,2018,7,19.4522252191504,38.2
99,14.52188,-90.9199,2018,8,18.6455495616993,154.3
99,14.52188,-90.9199,2018,9,18.1009745910198,190.3
99,14.52188,-90.9199,2018,10,17.70875,143.8
99,14.52188,-90.9199,2018,11,18.0403759136791,28.1
99,14.52188,-90.9199,2018,12,15.9866666666667,0.2
99,14.52188,-90.9199,2019,1,16.9904280417931,1.6
99,14.52188,-90.9199,2019,2,17.139328358209,9.2
99,14.52188,-90.9199,2019,3,18.3022229706972,3.8
99,14.52188,-90.9199,2019,4,18.3901462395543,90.4
99,14.52188,-90.9199,2019,5,18.4147960903269,185.1
99,14.52188,-90.9199,2019,6,18.9443051201672,142.4
99,14.52188,-90.9199,2019,7,19.1126770060688,90
99,14.52188,-90.9199,2019,8,18.6060708263069,207.7
99,14.52188,-90.9199,2019,9,18.0310128785242,262.1
99,14.52188,-90.9199,2019,10,17.3114179858538,220.1
99,14.52188,-90.9199,2019,11,18.1031380753138,4.2
99,14.52188,-90.9199,2019,12,17.3652159244265,0.4
99,14.52188,-90.9199,2020,1,17.8577257525084,1
